ID,Glider,Model,Manufacturer,Competition Class,Kind,Wingarea,Empty Weight,Reference Mass,MTOW,Min Speed,Polar Coeffs,Double Seater,Exclude Live,Vintage,Self-Launcher,2016,2017,2018,2019,2020,2021,2022,2023,2024
1,SZD-56-2 Diana 2,SZD-56-2 Diana 2,Avionic,15,GL,8.64,185.0,,525.0,,,,,,,114,116,116,116,114,114,116,116,116
2,JS3 15m,JS3 15m,Jonker Sailplanes,15,GL,8.75,350,,525,,,,,,,116,116,116,116,114,114,116,116,116
3,JS3 15m,JS3 RES 15m,Jonker Sailplanes,15,MG,8.75,350,,525,,,,,,x,116,116,116,116,114,114,116,116,116
4,JS3 15m,JS3 TJ 15m,Jonker Sailplanes,15,MG,8.75,350,,525,,,,,,,116,116,116,116,114,114,116,116,116
5,Ventus 3 15m,Ventus 3 15m,Schempp-Hirth,15,GL,9.53,290,321.3,525,71.20,-0.0000036:0.0004830:-0.0254792:0.5756726:-5.1809941,,,,,116,116,116,116,114,114,116,116,116
6,Ventus 3 15m,Ventus 3F 15m,Schempp-Hirth,15,FG,9.53,340,321.3,525,71.20,-0.0000036:0.0004830:-0.0254792:0.5756726:-5.1809941,,,,,116,116,116,116,114,114,116,116,116
7,Ventus 3 15m,Ventus 3M 15m,Schempp-Hirth,15,MG,9.53,380,321.3,525,71.20,-0.0000036:0.0004830:-0.0254792:0.5756726:-5.1809941,,,,x,116,116,116,116,114,114,116,116,116
8,Ventus 3 15m,Ventus 3T 15m,Schempp-Hirth,15,MG,9.53,340,321.3,525,71.20,-0.0000036:0.0004830:-0.0254792:0.5756726:-5.1809941,,,,,116,116,116,116,114,114,116,116,116
9,ASG 29 15m,ASG 29 15m,Alexander Schleicher,15,GL,9.2,270.0,350.0,525,80.00,-0.0018576:0.0937200:-1.8100000,,,,,114,114,116,114,114,114,114,114,114
10,ASG 29 15m,ASG 29 E 15m,Alexander Schleicher,15,MG,9.2,315.0,350.0,525,80.00,-0.0018576:0.0937200:-1.8100000,,,,,114,114,116,114,114,114,114,114,114
11,ASG 29 15m,ASG 29 Es 15m,Alexander Schleicher,15,MG,9.2,315.0,350.0,525,80.00,-0.0018576:0.0937200:-1.8100000,,,,,114,114,116,114,114,114,114,114,114
12,ASW 27,ASW 27,Alexander Schleicher,15,GL,9.0,245.0,365.9,500.0,87.80,-0.0000045:0.0006748:-0.0396782:1.0232325:-10.1966945,,,,,114,114,114,114,114,114,114,114,114
13,Mü 31,Mü 31,Akaflieg München,15,GL,9.0,240.0,,500.0,,,,,,,114,114,114,114,114,114,114,114,114
15,Ventus 2,Ventus 2a,Schempp-Hirth,15,GL,9.67,240.0,326.0,525.0,71.20,-0.0000036:0.0004830:-0.0254792:0.5756726:-5.1809941,,,,,114,114,114,114,114,114,115,115,115
16,Ventus 2,Ventus 2ax,Schempp-Hirth,15,GL,9.67,240.0,326.0,525.0,71.20,-0.0000036:0.0004830:-0.0254792:0.5756726:-5.1809941,,,,,114,114,114,114,114,114,115,115,115
17,Ventus 2,Ventus 2b,Schempp-Hirth,15,GL,9.67,240.0,326.0,525.0,71.20,-0.0000036:0.0004830:-0.0254792:0.5756726:-5.1809941,,,,,114,114,114,114,114,114,114,114,114
18,Ventus 2c 15m,Ventus 2c 15m,Schempp-Hirth,15,GL,9.67,240.0,326.0,525.0,71.20,-0.0000036:0.0004830:-0.0254792:0.5756726:-5.1809941,,,,,114,114,114,114,114,114,114,114,114
19,Ventus 2c 15m,Ventus 2cM 15m,Schempp-Hirth,15,MG,9.67,340.0,326.0,525.0,71.20,-0.0000036:0.0004830:-0.0254792:0.5756726:-5.1809941,,,,x,114,114,114,114,114,114,114,114,114
20,Ventus 2c 15m,Ventus 2cT 15m,Schempp-Hirth,15,MG,9.67,290.0,326.0,525.0,71.20,-0.0000036:0.0004830:-0.0254792:0.5756726:-5.1809941,,,,,114,114,114,114,114,114,114,114,114
21,DG 800 15m,DG 800A/B 15m,DG Flugzeugbau,15,MG,10.68,340.0,468.0,,83.61,-0.0011149:0.0398828:-0.8778299,,,,x,113,113,113,113,113,113,113,113,113
22,DG 800 15m,DG 800S 15m,DG Flugzeugbau,15,GL,10.68,260.0,370.0,,72.13,-0.0012543:0.0399129:-0.7810935,,,,,113,113,113,113,113,113,113,113,113
23,DG 800 15m,DG 808C 15m,DG Flugzeugbau,15,MG,10.68,260.0,370.0,,72.13,-0.0012543:0.0399129:-0.7810935,,,,x,113,113,113,113,113,113,113,113,113
24,LAK-17 15m,LAK-17A 15m,Sportinė Aviacija,15,GL,9.06,220.0,285.0,453.0,75.00,-0.0020244:0.0866569:-1.4510163,,,,,113,113,113,113,113,113,113,113,113
25,LAK-17 15m,LAK-17A T 15m,Sportinė Aviacija,15,MG,9.06,270.0,285.0,500.0,75.00,-0.0020244:0.0866569:-1.4510163,,,,,113,113,113,113,113,113,113,113,113
26,LAK-17 15m,LAK-17B 15m,Sportinė Aviacija,15,GL,9.06,220.0,285.0,550.0,80.00,-0.0016416:0.0787200:-1.5200000,,,,,113,113,113,113,113,113,113,113,113
27,LAK-17 15m,LAK-17B FES 15m,Sportinė Aviacija,15,FG,9.06,270.0,285.0,550.0,80.00,-0.0016416:0.0787200:-1.5200000,,,,,113,113,113,113,113,113,113,113,113
28,LAK-17 15m,LAK-17B T 15m,Sportinė Aviacija,15,MG,9.06,270.0,285.0,550.0,80.00,-0.0016416:0.0787200:-1.5200000,,,,,113,113,113,113,113,113,113,113,113
29,LS 10 15m,LS 10 15m,Rolladen-Schneider,15,GL,10.27,288.0,370.0,540.0,80.00,-0.0019008:0.0873600:-1.6000000,,,,,113,113,113,113,113,113,113,113,113
30,LS 10 15m,LS 10-st 15m,Rolladen-Schneider,15,MG,10.27,338.0,370.0,540.0,80.00,-0.0019008:0.0873600:-1.6000000,,,,,113,113,113,113,113,113,113,113,113
31,SZD-56-1 Diana,SZD-56-1 Diana,PZL Bielsko,15,GL,8.15,182.0,264.06,500.0,71.00,-0.0000025:0.0003899:-0.0239837:0.6178082:-6.1448853,,,,,112,112,112,112,112,112,112,112,112
32,LS 6,LS 6,Rolladen-Schneider,15,GL,10.5,260.0,355.0,525.0,71.60,-0.0000001:0.0000311:-0.0044236:0.1557020:-2.1974432,,,,,111,111,111,111,111,111,111,111,111
33,LS 6,LS 6 neo,Rolladen-Schneider,15,GL,10.5,260.0,355.0,525.0,71.60,-0.0000001:0.0000311:-0.0044236:0.1557020:-2.1974432,,,,,112,112,112,112,112,112,112,112,112
34,ASW 20,ASW 20,Alexander Schleicher,15,GL,10.5,280.0,360.15,525.0,71.00,-0.0000017:0.0002603:-0.0163651:0.4233258:-4.3895851,,,,,110,110,110,110,110,110,110,110,110
35,DG 600,DG 600,DG Flugzeugbau,15,GL,10.95,255.0,327.0,525.0,80.00,-0.0016416:0.0715200:-1.3200000,,,,,110,110,110,110,110,110,110,110,110
36,DG 600,DG 600M,DG Flugzeugbau,15,MG,10.95,305.0,327.0,525.0,80.00,-0.0016416:0.0715200:-1.3200000,,,,x,110,110,110,110,110,110,110,110,110
37,Glasflügel 304,Glasflügel 304,Glasflügel,15,GL,9.88,235.0,353.7,450.0,71.00,-0.0000003:0.0000655:-0.0066090:0.2203565:-2.9116963,,,,,110,110,110,110,110,110,110,110,110
38,HpH 304 CZ,HpH 304 CZ,HpH Sailplanes,15,GL,9.88,235.0,310.0,450.0,95.03,-0.0036015:0.2342856:-4.6690020,,,,,110,110,110,110,110,110,110,110,110
40,Ventus 15m,Ventus a 15m,Schempp-Hirth,15,GL,9.51,250.0,332.85,525.0,72.00,0.0000002:-0.0000076:-0.0022592:0.1112933:-1.9115972,,,,,110,110,110,110,110,110,110,111,111
41,Ventus 15m,Ventus b 15m,Schempp-Hirth,15,GL,9.51,250.0,332.85,525.0,71.00,0.0000014:-0.0001708:0.0053155:-0.0360554:-0.9066281,,,,,110,110,110,110,110,110,110,110,110
42,Ventus 15m,Ventus bT 15m,Schempp-Hirth,15,MG,9.51,300.0,332.85,525.0,71.00,0.0000014:-0.0001708:0.0053155:-0.0360554:-0.9066281,,,,,110,110,110,110,110,110,110,110,110
43,Ventus 15m,Ventus cM 15m,Schempp-Hirth,15,MG,9.51,308.0,379.0,430.0,76.00,-0.0000098:0.0014247:-0.0783808:1.8821403:-17.1596910,,,,x,110,110,110,110,110,110,110,110,110
44,Ventus 15m,Ventus cT 15m,Schempp-Hirth,15,MG,9.51,258.0,379.0,430.0,76.00,-0.0000098:0.0014247:-0.0783808:1.8821403:-17.1596910,,,,,110,110,110,110,110,110,110,110,110
45,ASW 20 Top 15m,ASW 20 Top 15m,Alexander Schleicher,15,MG,10.5,320.0,371.14,525.0,71.00,-0.0000017:0.0002603:-0.0163651:0.4233258:-4.3895851,,,,x,108,108,108,108,108,108,108,108,108
46,SB 11,SB 11,Akaflieg Braunschweig,15,GL,10.56,295.0,385.44,470.0,68.00,-0.0000015:0.0002081:-0.0122332:0.3031120:-3.2958980,,,,,108,108,108,108,108,108,108,108,108
47,fs 32,fs 32,Akaflieg Stuttgart,15,GL,9.94,285.0,388.654,500.0,69.00,-0.0000020:0.0002903:-0.0173757:0.4444751:-4.6488348,,,,,108,108,108,108,108,108,108,108,108
48,DG 200,DG 200,DG Flugzeugbau,15,GL,10.0,230.0,340.0,450.0,69.00,0.0000004:-0.0000251:-0.0024496:0.1351137:-2.2573517,,,,,107,107,107,107,107,107,107,107,107
49,DG 400,DG 400,DG Flugzeugbau,15,MG,10.0,306.0,440.0,,95.00,-0.0015831:0.0847941:-1.8532120,,,,x,107,107,107,107,107,107,107,107,107
50,LS 3,LS 3,Rolladen-Schneider,15,GL,10.5,270.0,372.75,472.0,72.00,-0.0000038:0.0005210:-0.0279720:0.6474645:-5.9972768,,,,,107,107,107,107,107,107,107,107,107
51,LS 3,LS 3a,Rolladen-Schneider,15,GL,10.5,243.0,342.3,472.0,68.00,0.0000002:0.0000015:-0.0035899:0.1552770:-2.3706120,,,,,107,107,107,107,107,107,107,107,107
52,Mini Nimbus,Mini Nimbus,Schempp-Hirth,15,GL,9.86,235.0,335.24,450.0,69.00,-0.0000045:0.0006428:-0.0359882:0.8665906:-8.0644349,,,,,107,107,107,107,107,107,107,107,107
53,Mosquito,Mosquito,Glasflügel,15,GL,9.86,250.0,357.0,450.0,73.00,-0.0000014:0.0002028:-0.0124651:0.3265893:-3.6046119,,,,,107,107,107,107,107,107,107,107,107
54,D 40,D 40,Akaflieg Darmstadt,15,GL,9.5,284.0,388.55,500.0,69.00,-0.0000022:0.0003463:-0.0214168:0.5518232:-5.6193625,,,,,106,106,106,106,106,106,106,106,106
55,G 104 Speed Astir 2,G 104 Speed Astir 2,Grob Aircraft,15,GL,11.5,260.0,350.75,400.0,69.50,-0.0000043:0.0005906:-0.0319316:0.7452856:-6.8790331,,,,,105,105,105,105,105,105,105,105,105
56,PIK-20 D/E,PIK-20 D,Eiri-Avion,15,GL,10.0,235.0,325.0,450.0,67.00,-0.0000005:0.0001190:-0.0104576:0.3203923:-3.7813581,,,,,104,104,104,104,104,104,104,104,104
57,PIK-20 D/E,PIK-20 E,Eiri-Avion,15,MG,10.0,320.0,423.0,470.0,78.00,-0.0000030:0.0004732:-0.0297211:0.8036679:-8.4726226,,,,x,104,104,104,104,104,104,104,104,104
58,PIK-20 B,PIK-20 B,Eiri-Avion,15,GL,10.0,240.0,354.0,450.0,67.00,-0.0000005:0.0001190:-0.0104576:0.3203923:-3.7813581,,,,,102,102,102,102,102,102,102,102,102
59,H-301,H-301,Glasflügel,Club,GL,9.5,180.0,283.1,300.0,72.00,-0.0000057:0.0007960:-0.0428823:0.9904012:-8.7714830,,,,,100,100,100,100,100,100,101,101,101
60,LS 2,LS 2,Rolladen-Schneider,15,GL,10.29,240.0,,360.0,,,,,,,100,100,100,100,100,100,100,100,100
61,JS1 18m,JS1 18m,Jonker Sailplanes,18,GL,11.1,320.0,436.33,600.0,81.62,-0.0000023:0.0003135:-0.0175671:0.4230493:-4.1545630,,,,,119,119,121,121,119,119,121,121,121
62,JS1 18m,JS1 TJ 18m,Jonker Sailplanes,18,MG,11.1,340.0,436.33,600.0,81.62,-0.0000023:0.0003135:-0.0175671:0.4230493:-4.1545630,,,,,119,119,121,121,119,119,121,121,121
63,JS3 18m,JS3 18m,Jonker Sailplanes,18,GL,9.95,310.0,525.0,600.0,88.80,-0.0000009:0.0001584:-0.0115736:0.3684573:-4.7041666,,,,,121,121,121,121,119,119,122,122,122
64,JS3 18m,JS3 RES 18m,Jonker Sailplanes,18,MG,9.95,330.0,525.0,600.0,88.80,-0.0000009:0.0001584:-0.0115736:0.3684573:-4.7041666,,,,x,121,121,121,121,119,119,122,122,122
65,JS3 18m,JS3 TJ 18m,Jonker Sailplanes,18,MG,9.95,310.0,525.0,600.0,88.80,-0.0000009:0.0001584:-0.0115736:0.3684573:-4.7041666,,,,,121,121,121,121,119,119,122,122,122
66,Ventus 3 18m,Ventus 3 18m,Schempp-Hirth,18,GL,10.84,310.0,582.2,600.0,87.90,-0.0000014:0.0001997:-0.0120782:0.3333505:-3.9673060,,,,,121,121,121,121,119,119,122,122,122
67,Ventus 3 18m,Ventus 3F 18m,Schempp-Hirth,18,FG,10.84,360.0,582.2,600.0,87.90,-0.0000014:0.0001997:-0.0120782:0.3333505:-3.9673060,,,,,121,121,121,121,119,119,122,122,122
68,Ventus 3 18m,Ventus 3M 18m,Schempp-Hirth,18,MG,10.84,400.0,582.2,600.0,87.90,-0.0000014:0.0001997:-0.0120782:0.3333505:-3.9673060,,,,x,121,121,121,121,119,119,122,122,122
69,Ventus 3 18m,Ventus 3T 18m,Schempp-Hirth,18,MG,10.84,360.0,582.2,600.0,87.90,-0.0000014:0.0001997:-0.0120782:0.3333505:-3.9673060,,,,,121,121,121,121,119,119,122,122,122
70,ASG 29 18m,ASG 29 18m,Alexander Schleicher,18,GL,10.5,280.0,391.3,600.0,81.05,-0.0000054:0.0007747:-0.0423528:1.0075874:-9.1985372,,,,,119,119,121,119,119,119,121,121,121
71,ASG 29 18m,ASG 29 E 18m,Alexander Schleicher,18,MG,10.5,325.0,391.3,600.0,81.05,-0.0000054:0.0007747:-0.0423528:1.0075874:-9.1985372,,,,,119,119,121,119,119,119,121,121,121
72,ASG 29 18m,ASG 29 Es 18m,Alexander Schleicher,18,MG,10.5,325.0,391.3,600.0,81.05,-0.0000054:0.0007747:-0.0423528:1.0075874:-9.1985372,,,,,119,119,121,119,119,119,121,121,121
73,Ventus 2 cxa,Ventus 2 cxa,Schempp-Hirth,18,GL,9.67,240.0,326.0,525.0,71.20,-0.0000036:0.0004830:-0.0254792:0.5756726:-5.1809941,,,,,119,119,119,119,119,119,121,121,121
74,ASH 31 Mi 18m,ASH 31 Mi 18m,Alexander Schleicher,18,MG,11.9,415.0,443.5,630.0,81.05,-0.0000054:0.0007747:-0.0423528:1.0075874:-9.1985372,,,,x,118,118,120,120,118,118,120,120,120
75,Antares 18,Antares 18S,Lange Aviation,18,GL,10.97,295.0,350.0,660.0,80.00,-0.0026352:0.1448400:-2.5300000,,,,,119,118,120,120,118,118,120,120,120
76,Antares 18,Antares 18T,Lange Aviation,18,MG,10.97,345.0,395.0,660.0,80.00,-0.0016848:0.0759600:-1.3500000,,,,,119,118,120,120,118,118,120,120,120
77,DG 800 18m,DG 800A/B 18m,DG Flugzeugbau,18,MG,11.81,344.0,432.25,525.0,68.00,-0.0000037:0.0004769:-0.0242294:0.5269140:-4.5759245,,,,x,118,118,118,118,118,118,119,119,119
78,DG 800 18m,DG 800S 18m,DG Flugzeugbau,18,GL,11.81,272.0,432.25,525.0,68.00,-0.0000037:0.0004769:-0.0242294:0.5269140:-4.5759245,,,,,118,118,118,118,118,118,119,119,119
79,DG 800 18m,DG 808C Competition 18m,DG Flugzeugbau,18,MG,11.81,272.0,432.25,600.0,68.00,-0.0000037:0.0004769:-0.0242294:0.5269140:-4.5759245,,,,x,118,118,118,118,118,118,120,120,120
80,HpH 304 Shark,HpH 304 ES Shark,HpH Sailplanes,18,FG,11.8,360.0,425.2,600.0,73.10,-0.0000069:0.0010638:-0.0618146:1.5506843:-14.5880575,,,,,118,118,120,118,118,118,119,119,119
81,HpH 304 Shark,HpH 304 MS Shark,HpH Sailplanes,18,MG,11.8,360.0,425.2,600.0,73.10,-0.0000069:0.0010638:-0.0618146:1.5506843:-14.5880575,,,,x,118,118,120,118,118,118,119,119,119
82,HpH 304 Shark,HpH 304 S Shark,HpH Sailplanes,18,GL,11.8,280.0,425.2,600.0,73.10,-0.0000069:0.0010638:-0.0618146:1.5506843:-14.5880575,,,,,118,118,120,118,118,118,119,119,119
83,HpH 304 Shark,HpH 304 SJ Shark,HpH Sailplanes,18,MG,11.8,310.0,425.2,600.0,73.10,-0.0000069:0.0010638:-0.0618146:1.5506843:-14.5880575,,,,,118,118,120,118,118,118,119,119,119
85,LS 10 18m,LS 10 18m,Rolladen-Schneider,18,GL,11.45,295.0,380.0,600.0,80.00,-0.0017712:0.0776400:-1.3700000,,,,,118,118,120,120,118,118,119,119,119
86,LS 10 18m,LS 10-st 18m,Rolladen-Schneider,18,MG,11.45,345.0,380.0,600.0,80.00,-0.0017712:0.0776400:-1.3700000,,,,,118,118,120,120,118,118,119,119,119
87,SB 14,SB 14,Akaflieg Braunschweig,18,GL,10.84,285.0,,541.0,,,,,,,118,118,118,118,118,118,118,118,118
88,Ventus 2c 18m,Ventus 2c 18m,Schempp-Hirth,18,GL,11.0,310.0,432.4,525.0,81.62,-0.0000023:0.0003135:-0.0175671:0.4230493:-4.1545630,,,,,118,118,118,118,118,118,120,120,120
89,Ventus 2c 18m,Ventus 2cM 18m,Schempp-Hirth,18,MG,11.0,380.0,432.4,525.0,81.62,-0.0000023:0.0003135:-0.0175671:0.4230493:-4.1545630,,,,x,118,118,118,118,118,118,120,120,120
90,Ventus 2c 18m,Ventus 2cT 18m,Schempp-Hirth,18,MG,11.0,342.4,432.4,525.0,81.62,-0.0000023:0.0003135:-0.0175671:0.4230493:-4.1545630,,,,,118,118,118,118,118,118,120,120,120
91,ASH 26,ASH 26,Alexander Schleicher,18,GL,11.68,270.0,399.456,525.0,73.00,-0.0000017:0.0002101:-0.0108558:0.2406083:-2.4013626,,,,,117,117,117,117,117,117,119,119,119
92,ASH 26,ASH 26 E,Alexander Schleicher,18,MG,11.68,360.0,399.456,525.0,73.00,-0.0000017:0.0002101:-0.0108558:0.2406083:-2.4013626,,,,x,117,117,117,117,117,117,119,119,119
93,LAK-17 18m,LAK-17A 18m,Sportinė Aviacija,18,GL,9.8,225.0,298.0,453.0,95.00,-0.0033153:0.1928930:-3.4587209,,,,,117,117,117,117,117,117,119,119,119
94,LAK-17 18m,LAK-17A T 18m,Sportinė Aviacija,18,MG,9.8,275.0,298.0,500.0,95.00,-0.0033153:0.1928930:-3.4587209,,,,,117,117,117,117,117,117,119,119,119
95,LAK-17 18m,LAK-17B 18m,Sportinė Aviacija,18,GL,9.8,225.0,295.0,600.0,80.00,-0.0012960:0.0468000:-0.8600000,,,,,117,117,117,117,117,117,119,119,119
96,LAK-17 18m,LAK-17B FES 18m,Sportinė Aviacija,18,FG,9.8,275.0,295.0,600.0,80.00,-0.0012960:0.0468000:-0.8600000,,,,,117,117,117,117,117,117,119,119,119
97,LAK-17 18m,LAK-17B T 18m,Sportinė Aviacija,18,MG,9.8,275.0,295.0,600.0,80.00,-0.0012960:0.0468000:-0.8600000,,,,,117,117,117,117,117,117,119,119,119
98,LS 6 18m,LS 6 18m,Rolladen-Schneider,18,GL,11.42,280.0,427.108,525.0,74.00,-0.0000024:0.0003308:-0.0179029:0.4105581:-3.8314519,,,,,117,117,117,117,117,117,117,117,117
99,LS 9,LS 9,Rolladen-Schneider,18,MG,11.42,370.0,427.108,525.0,74.00,-0.0000024:0.0003308:-0.0179029:0.4105581:-3.8314519,,,,x,117,117,117,117,117,117,117,117,117
100,DG 600 18m,DG 600 18m,DG Flugzeugbau,18,GL,11.81,270.0,368.47,480.0,73.00,-0.0000111:0.0015204:-0.0786212:1.7659455:-14.9435046,,,,,116,116,116,116,116,116,116,116,116
101,DG 600 18m,DG 600M 18m,DG Flugzeugbau,18,MG,11.81,320.0,368.47,480.0,73.00,-0.0000111:0.0015204:-0.0786212:1.7659455:-14.9435046,,,,x,116,116,116,116,116,116,116,116,116
102,LS 6 17.5m,LS 6 17.5m,Rolladen-Schneider,18,GL,,,,,,,,,,,116,116,116,116,116,116,116,116,116
103,Ventus c 17.6m,Ventus c 17.6m,Schempp-Hirth,18,GL,10.15,253.0,387.73,500.0,76.00,-0.0000040:0.0006353:-0.0380900:0.9661822:-9.2566646,,,,,115,115,115,115,115,115,115,115,115
104,Ventus c 17.6m,Ventus cM 17.6m,Schempp-Hirth,18,MG,10.15,310.0,387.73,430.0,76.00,-0.0000040:0.0006353:-0.0380900:0.9661822:-9.2566646,,,,x,115,115,115,115,115,115,115,115,115
105,Ventus c 17.6m,Ventus cT 17.6m,Schempp-Hirth,18,MG,10.15,253.0,387.73,500.0,76.00,-0.0000040:0.0006353:-0.0380900:0.9661822:-9.2566646,,,,,115,115,115,115,115,115,115,115,115
106,ASW 28 18m,ASW 28 18m,Alexander Schleicher,18,GL,11.88,270.0,398.3,575.0,75.12,-0.0000078:0.0011136:-0.0603129:1.4224275:-12.7431871,,,,,114,114,116,114,114,114,113,114,114
107,ASW 28 18m,ASW 28 E 18m,Alexander Schleicher,18,MG,11.88,320.0,398.3,575.0,75.12,-0.0000078:0.0011136:-0.0603129:1.4224275:-12.7431871,,,,,114,114,116,114,114,114,113,114,114
108,Discus 2c 18m,Discus 2c 18m,Schempp-Hirth,18,GL,11.36,280.0,443.04,565.0,80.57,-0.0000069:0.0010410:-0.0596390:1.4932199:-14.2408358,,,,,114,114,114,114,114,114,113,114,114
109,Discus 2c 18m,Discus 2cFES 18m,Schempp-Hirth,18,FG,11.36,330.0,443.04,565.0,80.57,-0.0000069:0.0010410:-0.0596390:1.4932199:-14.2408358,,,,,114,114,114,114,114,114,113,114,114
110,Discus 2c 18m,Discus 2cT 18m,Schempp-Hirth,18,MG,11.36,330.0,443.04,565.0,80.57,-0.0000069:0.0010410:-0.0596390:1.4932199:-14.2408358,,,,,114,114,114,114,114,114,113,114,114
111,LAK-19 18m,LAK-19 18m,Sportinė Aviacija,18,GL,9.6,226.0,338.4,500.0,76.13,-0.0000111:0.0017266:-0.1007859:2.5425178:-23.7162454,,,,,114,114,116,114,114,114,113,114,114
112,LS 8 18m,LS 8 18m,DG Flugzeugbau,18,GL,11.4,275.0,365.0,575.0,71.00,-0.0000079:0.0010386:-0.0524499:1.1504136:-9.6523418,,,,,114,114,114,114,114,114,113,114,114
113,LS 8 18m,LS 8T 18m,DG Flugzeugbau,18,MG,11.4,325.0,365.0,575.0,71.00,-0.0000079:0.0010386:-0.0524499:1.1504136:-9.6523418,,,,,114,114,114,114,114,114,113,114,114
114,DG 600 17m,DG 600 17m,DG Flugzeugbau,18,GL,11.59,270.0,361.61,525.0,73.00,-0.0000111:0.0015204:-0.0786212:1.7659455:-14.9435046,,,,,113,113,113,113,113,113,113,113,113
115,DG 600 17m,DG 600M 17m,DG Flugzeugbau,18,MG,11.59,320.0,361.61,525.0,73.00,-0.0000111:0.0015204:-0.0786212:1.7659455:-14.9435046,,,,x,113,113,113,113,113,113,113,113,113
116,Ventus 16.6m,Ventus a 16.6m,Schempp-Hirth,18,GL,9.96,243.0,323.7,430.0,69.00,-0.0000012:0.0002030:-0.0140077:0.3809996:-4.0318708,,,,,113,113,113,113,113,113,113,114,114
117,Ventus 16.6m,Ventus b 16.6m,Schempp-Hirth,18,GL,9.96,243.0,323.7,430.0,69.00,-0.0000012:0.0002030:-0.0140077:0.3809996:-4.0318708,,,,,113,113,113,113,113,113,113,113,113
118,Ventus 16.6m,Ventus bT 16.6m,Schempp-Hirth,18,MG,9.96,293.0,323.7,430.0,69.00,-0.0000012:0.0002030:-0.0140077:0.3809996:-4.0318708,,,,,113,113,113,113,113,113,113,113,113
119,ASW 20 16.6m,ASW 20 16.6m,Alexander Schleicher,18,GL,11.01,285.0,371.14,430.0,72.00,-0.0000039:0.0005801:-0.0333154:0.8132168:-7.6107810,,,,,112,112,112,112,112,112,112,112,112
120,Glasflügel 304 17m,Glasflügel 304 17m,Glasflügel,18,GL,10.6,260.0,380.347,450.0,72.50,-0.0000013:0.0002305:-0.0160565:0.4385501:-4.5689128,,,,,112,112,112,112,112,112,112,112,112
121,HpH 304 CZ 17.4m,HpH 304 CZ 17.4m,HpH Sailplanes,18,GL,10.68,235.0,,450.0,,,,,,,112,112,112,112,112,112,112,112,112
122,ASW 20 Top 16.6m,ASW 20 Top 16.6m,Alexander Schleicher,18,MG,11.01,325.0,371.14,430.0,72.00,-0.0000039:0.0005801:-0.0333154:0.8132168:-7.6107810,,,,x,110,110,110,110,110,110,110,110,110
123,Kestrel 17m,Kestrel 17m,Glasflügel,18,GL,11.58,260.0,367.086,400.0,70.00,-0.0000045:0.0006268:-0.0336614:0.7715560:-6.8806019,,,,,110,110,110,110,110,110,110,110,110
124,DG 200 17m,DG 200 17m,DG Flugzeugbau,18,GL,10.57,251.0,336.126,450.0,68.50,-0.0000024:0.0003230:-0.0181813:0.4359256:-4.1921533,,,,,109,109,109,109,109,109,109,109,109
125,DG 400 17m,DG 400 17m,DG Flugzeugbau,18,MG,10.57,310.0,405.888,460.0,74.00,-0.0000019:0.0003154:-0.0203805:0.5391497:-5.4921923,,,,x,109,109,109,109,109,109,109,109,109
126,LS 3 17m,LS 3 17m,Rolladen-Schneider,18,GL,11.22,255.0,370.26,370.0,69.00,0.0000004:-0.0000548:0.0002476:0.0537373:-1.3526066,,,,,109,109,109,109,109,109,109,109,109
127,Mosquito 17m,Mosquito 17m,Glasflügel,18,GL,,,,,,,,,,,109,109,109,109,109,109,109,109,109
128,BS-1,BS-1,Glasflügel,18,GL,14.20,335.0,,460.0,,,,,,,108,108,108,108,108,108,108,108,108
129,D 36,D 36,Akaflieg Darmstadt,18,GL,12.8,285.0,,450.0,,,,,,,108,108,108,108,108,108,108,108,108
130,Diamant 18,Diamant 18,FFA,18,GL,,,,,,,,,,,108,108,108,108,108,108,108,108,108
131,Mü 26,Mü 26,Akaflieg München,18,GL,15.3,212.0,,382.0,,,,,,,102,102,102,102,102,102,102,102,102
132,SZD-39 Cobra 17,SZD-39 Cobra 17,PZL Bielsko,18,GL,17.00,298.0,,490.0,,,,,,,100,100,100,100,100,100,100,100,100
133,Std. Libelle 17m,Std. Libelle 17m,Glasflügel,18,GL,,,,,,,,,,,100,100,100,100,100,100,100,100,100
134,Std. Cirrus,Std. Cirrus,Schempp-Hirth,Club,GL,10.04,202.0,357.4,390.0,74.78,-0.0000023:0.0003245:-0.0186987:0.4582391:-4.6219841,,,,,99,99,99,99,99,99,99,99,99
135,ASW 15,ASW 15,Alexander Schleicher,Club,GL,11.0,210.0,349.0,,77.56,-0.0025412:0.1096032:-1.8739587,,,,,97,97,97,97,97,97,97,97,97
136,ASW 19 Club,ASW 19 Club,Alexander Schleicher,Club,GL,11.0,260.0,352.0,408.0,70.00,-0.0000029:0.0003918:-0.0218912:0.5271323:-5.1635631,,,,,98,98,98,98,98,98,98,98,98
137,Apis 2,Apis 2 15m,Pipistrel,Club,GL,12.4,215.0,310.0,,60.00,-0.0021600:0.0810000:-1.3333333,,,,,98,98,98,98,98,98,98,98,98
138,Apis 2,Apis 2 M 15m,Pipistrel,Club,MG,12.4,265.0,310.0,,60.00,-0.0021600:0.0810000:-1.3333333,,,,x,98,98,98,98,98,98,98,98,98
139,Apis 2,Apis 2 MCs 15m,Pipistrel,Club,MG,12.4,265.0,310.0,,60.00,-0.0021600:0.0810000:-1.3333333,,,,x,98,98,98,98,98,98,98,98,98
140,Bee,Bee,Pipistrel,Club,MG,12.26,228.0,,322.5,,,,,,x,98,98,98,98,98,98,98,98,98
141,SZD-36 Cobra 15,SZD-36 Cobra 15,PZL Bielsko,Club,GL,11.6,275.0,350.0,,50.80,-0.0029292:0.1208279:-1.8433350,,,,,98,98,98,98,98,98,98,98,98
142,D 38,D 38,Akaflieg Darmstadt,Club,GL,11.0,200.0,288.2,360.0,68.00,-0.0000027:0.0003721:-0.0213817:0.5116450:-4.8563638,,,,,97,97,97,97,97,97,97,97,97
143,DG 100 Club,DG 100 Club,DG Flugzeugbau,Club,GL,11.0,230.0,332.75,418.0,68.00,-0.0000138:0.0019469:-0.1029678:2.3450349:-19.9093619,,,,,98,98,98,98,98,98,98,98,98
144,Delphin 1,Delphin 1,-,Club,GL,,,,,,,,,,,98,98,98,98,98,98,98,98,98
145,LS 1,LS 1-0,Rolladen-Schneider,Club,GL,9.74,200.0,287.33,312.0,64.00,-0.0000075:0.0009986:-0.0515472:1.1425118:-9.6818903,,,,,98,98,98,98,98,98,98,98,98
146,LS 1,LS 1-c,Rolladen-Schneider,Club,GL,9.74,200.0,287.33,312.0,64.00,-0.0000075:0.0009986:-0.0515472:1.1425118:-9.6818903,,,,,98,98,98,98,98,98,98,98,98
147,LS 1,LS 1-d,Rolladen-Schneider,Club,GL,9.74,200.0,287.33,341.0,64.00,-0.0000075:0.0009986:-0.0515472:1.1425118:-9.6818903,,,,,98,98,98,98,98,98,98,98,98
148,Panjo,Panjo V1,-,Club,GL,,,,,,,,,,,98,98,98,98,98,98,98,98,98
149,Panjo,Panjo V2,-,Club,GL,,,,,,,,,,,98,98,98,98,98,98,98,98,98
150,Std. Cirrus Top,Std. Cirrus Top,Schempp-Hirth,Club,GL,10.04,242.0,357.4,390.0,74.78,-0.0000023:0.0003245:-0.0186987:0.4582391:-4.6219841,,,,,98,98,98,98,98,98,98,98,98
151,Std. Libelle,Std. Libelle,Glasflügel,Club,GL,9.8,200.0,318.8,350.0,75.00,0.0000022:-0.0003224:0.0146744:-0.2866680:1.5151951,,,,,98,98,98,98,98,98,98,98,98
152,G 102 Astir CS,G 102 Astir CS,Grob Aircraft,Club,GL,12.4,255.0,359.6,450.0,66.50,-0.0000068:0.0010219:-0.0581083:1.4098222:-12.9169564,,,,,96,96,96,96,96,96,96,96,96
153,G 102 Astir CS,G 102 Astir CS 77,Grob Aircraft,Club,GL,12.4,255.0,359.6,450.0,66.50,-0.0000068:0.0010219:-0.0581083:1.4098222:-12.9169564,,,,,96,96,96,96,96,96,96,96,96
154,Club Libelle,Club Libelle,Glasflügel,Club,GL,9.8,225.0,318.5,350.0,69.50,-0.0000019:0.0002630:-0.0158828:0.3881628:-3.8932017,,,,,96,96,96,96,96,96,96,96,96
155,Elfe,Elfe S3,Neukom,Club,GL,11.9,230.0,315.35,320.0,72.00,-0.0000052:0.0007060:-0.0379447:0.8695522:-7.7195031,,,,,96,96,96,96,96,96,96,96,96
156,Elfe,Elfe S4,Neukom,Club,GL,11.9,261.0,327.25,354.0,69.00,-0.0000009:0.0001400:-0.0104951:0.2956208:-3.4091256,,,,,96,96,96,96,96,96,96,96,96
157,H-101 Salto 15.5m,H-101 Salto 15.5m,Glasflügel,Club,GL,9.14,185.0,285.17,280.0,70.00,-0.0000045:0.0006795:-0.0394406:0.9594406:-8.8414372,,,,,96,96,96,96,96,96,96,96,96
158,IS 29 D,IS 29 D,ICA,Club,GL,10.4,240.0,360.0,,80.00,-0.0024118:0.0842101:-1.2982168,,,,,96,96,96,96,96,96,96,96,96
159,LS 1-0 FG,LS 1-0 FG,Rolladen-Schneider,Club,GL,9.74,200.0,287.33,312.0,64.00,-0.0000075:0.0009986:-0.0515472:1.1425118:-9.6818903,,,,,96,96,96,96,96,96,96,96,96
160,Mistral C,Mistral C,Mistral-Flugzeugbau,Club,GL,10.9,235.0,342.26,350.0,72.00,-0.0000042:0.0006007:-0.0340014:0.8237372:-7.7599592,,,,,96,96,96,96,96,96,96,96,96
161,Phöbus B,Phöbus B,Bölkow,Club,GL,13.16,210.0,,350.0,,,,,,,96,96,96,96,96,96,96,96,96
162,SHK,SHK,Schempp-Hirth,Club,GL,14.70,260.0,,370.0,,,,,x,,96,96,96,96,96,96,96,96,96
163,VSO-10,VSO-10,VSO,Club,GL,12.0,250.0,348.0,380.0,65.00,-0.0000062:0.0007898:-0.0399612:0.8796798:-7.6293816,,,,,96,96,96,96,96,96,96,96,96
164,Mü 22b,Mü 22b,Akaflieg München,Club,GL,13.7,280.0,,360.0,,,,,,,95,95,95,95,95,95,95,95,95
165,G 102 Astir CS Top,G 102 Astir CS Top,Grob Aircraft,Club,MG,12.4,305.0,368.28,450.0,67.00,-0.0000032:0.0004632:-0.0269015:0.6525676:-6.2349560,,,,,94,94,94,94,94,94,94,94,94
166,Elfe FG,Elfe FG,Neukom,Club,GL,11.9,261.0,327.25,354.0,69.00,-0.0000009:0.0001400:-0.0104951:0.2956208:-3.4091256,,,,,94,94,94,94,94,94,94,94,94
167,Phöbus A,Phöbus A,Bölkow,Club,GL,13.16,210.0,,350.0,,,,,,,94,94,94,94,94,94,94,94,94
168,Silent 2,Silent 2,Alisport,Club,MG,,,,,,,,,,x,94,94,94,94,94,94,94,94,94
169,TST-10,TST-10 Atlas,TeST Gliders,Club,GL,9.85,140.0,,300.0,,,,,,,94,94,94,94,94,94,94,94,94
170,TST-10,TST-10 Atlas M,TeST Gliders,Club,MG,9.85,180.0,,300.0,,,,,,x,94,94,94,94,94,94,94,94,94
171,VSO-10 C,VSO-10 C,VSO,Club,GL,12.0,250.0,348.0,380.0,65.00,-0.0000223:0.0027146:-0.1245162:2.4881589:-18.8311029,,,,,94,94,94,94,94,94,94,94,94
172,Apis WR,Apis WR,Pipistrel,Club,GL,,,,,,,,,,,93,93,93,93,93,93,93,93,93
173,G 102 Astir CS Jeans,G 102 Astir CS Jeans,Grob Aircraft,Club,GL,12.4,255.0,368.28,450.0,67.00,-0.0000032:0.0004632:-0.0269015:0.6525676:-6.2349560,,,,,93,93,93,93,93,93,93,93,93
174,Carat,Carat,AMS-Flight,Club,MG,11.0,350.0,459.8,490.0,75.00,-0.0000083:0.0011677:-0.0635088:1.5124326:-13.9576012,,x,,x,93,93,93,93,93,93,93,93,93
175,ASK 23,ASK 23,Alexander Schleicher,Club,GL,12.9,240.0,330.0,,80.00,-0.0027648:0.1077600:-1.7100000,,,,,92,92,92,92,92,92,92,92,92
176,ASK 23,ASK 23 B,Alexander Schleicher,Club,GL,12.9,240.0,330.0,,80.00,-0.0027648:0.1077600:-1.7100000,,,,,92,92,92,92,92,92,92,92,92
177,Kiwi,Kiwi,Valentin Flugzeugbau,Club,MG,11.03,205.0,323.179,380.0,68.00,-0.0000040:0.0005101:-0.0261678:0.5662893:-4.8042002,,,,x,92,92,92,92,92,92,92,92,92
178,fs 24 Phönix,fs 24 Phönix,Akaflieg Stuttgart,Club,GL,14.36,164.0,,265.0,,,,,,,92,92,92,92,92,92,92,92,92
179,fs 25,fs 25,Akaflieg Stuttgart,Club,GL,8.54,150.0,244.244,250.0,70.00,-0.0000019:0.0003283:-0.0226763:0.6014380:-5.9168729,,,,,92,92,92,92,92,92,92,92,92
180,G 102 Club Astir,G 102 Club Astir,Grob Aircraft,Club,GL,12.4,255.0,342.224,450.0,72.00,-0.0000034:0.0005046:-0.0295257:0.7115538:-6.6242683,,,,,91,91,91,91,91,91,91,91,91
181,SZD-51 Junior,SZD-51 Junior,Allstar PZL Glider,Club,GL,12.51,225.0,306.495,380.0,65.00,-0.0000016:0.0002176:-0.0141001:0.3486593:-3.4738916,,,,,90,90,90,90,90,90,90,90,90
182,Std. Austria SH 1,Std. Austria SH 1,Schempp-Hirt,Club,GL,13.5,205.0,,323.0,,,,,x,,90,90,90,90,90,90,90,90,90
183,Zugvogel IIIb,Zugvogel IIIb,Scheibe-Flugzeugbau,Club,GL,14.48,245.0,,365.0,,,,,x,,90,90,90,90,90,90,90,90,90
184,ASK 18,ASK 18,Alexander Schleicher,Club,GL,12.99,215.0,310.0,,55.00,-0.0022064:0.0642595:-0.9941020,,,x,,88,88,88,88,88,88,88,88,88
185,Geier,Geier,Allgaier,Club,GL,14.0,277.0,,370.0,,,,,x,,88,88,88,88,88,88,88,88,88
186,H-101 Salto,H-101 Salto,Glasflügel,Club,GL,8.58,182.0,271.128,280.0,74.00,-0.0000073:0.0010547:-0.0584731:1.3879672:-12.5197526,,,,,88,88,88,88,88,88,88,88,88
187,PIK-16 Vasama,PIK-16 Vasama,Lehtovaara,Club,GL,11.7,166.0,304.2,281.0,69.00,-0.0000204:0.0026527:-0.1295562:2.7290554:-21.4841247,,,x,,88,88,88,88,88,88,88,88,88
188,SB 5e,SB 5e,Akaflieg Braunschweig,Club,GL,,,,,,,,,x,,88,88,88,88,88,88,88,88,88
189,SF 27 B,SF 27 B,Scheibe-Flugzeugbau,Club,GL,13.0,220.0,300.0,350.0,80.00,-0.0046656:0.2023200:-2.8300000,,,x,,88,88,88,88,88,88,88,88,88
190,SZD-24 Foka 4,SZD-24 Foka 4,PZL Bielsko,Club,GL,12.16,245.0,,385.0,,,,,x,,88,88,88,88,88,88,88,88,88
191,Std. Austria SH,Std. Austria SH,Schempp-Hirth,Club,GL,13.5,205.0,,323.0,,,,,x,,88,88,88,88,88,88,88,88,88
192,Zugvogel IIIa,Zugvogel IIIa,Scheibe-Flugzeugbau,Club,GL,14.48,245.0,,365.0,,,,,x,,88,88,88,88,88,88,88,88,88
193,Greif 2,Greif 2,Heinkel Flugzeugwerke,Club,GL,13.70,216.0,,326.0,,,,,x,,86,86,86,86,86,86,86,86,86
194,M-25,M-25,-,Club,GL,,,,,,,,,,,86,86,86,86,86,86,86,86,86
195,Pilatus B4 FG,Pilatus B4 FG,Pilatus,Club,GL,14.05,230.0,335.795,350.0,67.00,-0.0000016:0.0002687:-0.0187272:0.4933145:-4.9965561,,,x,,86,86,86,86,86,86,86,86,86
196,SB 5,SB 5a,Akaflieg Braunschweig,Club,GL,13.0,203.0,300.0,300.0,60.00,-0.0000019:0.0002761:-0.0183724:0.4588972:-4.4998865,,,x,,86,86,86,86,86,86,86,86,86
197,SB 5,SB 5b,Akaflieg Braunschweig,Club,GL,13.0,203.0,300.0,300.0,60.00,-0.0000019:0.0002761:-0.0183724:0.4588972:-4.4998865,,,x,,86,86,86,86,86,86,86,86,86
198,SB 5,SB 5c,Akaflieg Braunschweig,Club,GL,13.0,203.0,300.0,300.0,60.00,-0.0000019:0.0002761:-0.0183724:0.4588972:-4.4998865,,,x,,86,86,86,86,86,86,86,86,86
199,SF 27,SF 27 A,Scheibe-Flugzeugbau,Club,GL,12.0,225.0,315.0,350.0,63.00,-0.0000086:0.0010879:-0.0528977:1.0960054:-8.8350763,,,x,,86,86,86,86,86,86,86,86,86
200,SF 27,SF 27 MA,Scheibe-Flugzeugbau,Club,GL,12.0,255.0,315.0,350.0,63.00,-0.0000086:0.0010879:-0.0528977:1.0960054:-8.8350763,,,x,,86,86,86,86,86,86,86,86,86
201,SF 30,SF 30,Scheibe-Flugzeugbau,Club,GL,10.9,175.0,332.45,265.0,70.00,-0.0000031:0.0004548:-0.0269529:0.6614673:-6.3203902,,,x,,86,86,86,86,86,86,86,86,86
202,SZD-30 Pirat,SZD-30 Pirat,PZL Bielsko,Club,GL,13.8,260.0,358.8,370.0,69.00,-0.0000105:0.0014201:-0.0716022:1.5328093:-12.4377227,,,x,,86,86,86,86,86,86,86,86,86
203,Sie-3,Sie-3,Paul Siebert,Club,GL,,210.0,210.0,340.0,62.00,-0.0000034:0.0004673:-0.0270408:0.6428060:-5.9549058,,,x,,86,86,86,86,86,86,86,86,86
204,Solo L 33,Solo L 33,-,Club,GL,11.0,210.0,321.2,340.0,70.00,-0.0000148:0.0016832:-0.0741431:1.4344681:-10.8620386,,,,,86,86,86,86,86,86,86,86,86
205,Std. Austria,Std. Austria,Schempp-Hirth,Club,GL,13.5,205.0,,323.0,,,,,x,,86,86,86,86,86,86,86,86,86
206,VT-16 Orlic,VT-16 Orlic,-,Club,GL,12.8,215.0,335.0,345.0,60.00,-0.0040500:0.1395000:-1.8000000,,,,,86,86,86,86,86,86,86,86,86
207,VT-16 Orlic,VT-16 Orlic 2,-,Club,GL,12.8,215.0,335.0,345.0,60.00,-0.0040500:0.1395000:-1.8000000,,,,,86,86,86,86,86,86,86,86,86
208,Zugvogel,Zugvogel I,Scheibe-Flugzeugbau,Club,GL,,,,,,,,,x,,86,86,86,86,86,86,86,86,86
209,Zugvogel,Zugvogel II,Scheibe-Flugzeugbau,Club,GL,,,,,,,,,x,,86,86,86,86,86,86,86,86,86
210,Zugvogel,Zugvogel IV,Scheibe-Flugzeugbau,Club,GL,,,,,,,,,x,,86,86,86,86,86,86,86,86,86
211,Ka 6 E,Ka 6 E,Alexander Schleicher,Club,GL,12.4,185.0,277.76,300.0,62.00,-0.0000034:0.0004673:-0.0270408:0.6428060:-5.9549058,,,x,,85,85,85,85,85,85,85,85,85
212,K 10,K 10,Alexander Schleicher,Club,GL,12.53,210.0,,320.0,,,,,x,,85,85,85,85,85,85,85,85,85
213,PW 5,PW 5,PZL Świdnik,Club,GL,10.16,185.0,245.87,300.0,68.00,0.0000009:-0.0000241:-0.0060746:0.2428327:-3.0253806,,,,,85,85,85,85,85,85,85,85,85
214,Alpin,Alpin,TeST Gliders,Club,GL,,,,,,,,,,,84,84,84,84,84,84,84,84,84
215,Alpin,Alpin T,TeST Gliders,Club,MG,,,,,,,,,,,84,84,84,84,84,84,84,84,84
216,H 30,H 30,Glasflügel,Club,GL,8.35,30.0,213.76,210.0,68.00,-0.0000008:0.0001534:-0.0136546:0.3897014:-4.1012367,,,x,,84,84,84,84,84,84,84,84,84
217,Lambada UFM-15,Lambada UFM-15,Urban Air,Double,MG,,,,,,,x,x,,x,84,84,84,84,84,84,84,78,78
218,Silent AE-1,Silent AE-1,Air Energy,Club,MG,,,,,,,,,,x,84,84,84,84,84,84,84,84,84
219,Silent AE-1,Silent AE-1 pure,Air Energy,Club,MG,,,,,,,,,,x,84,84,84,84,84,84,84,84,84
220,Silent Club,Silent Club,Air Energy,Club,MG,,,,,,,,,,x,84,84,84,84,84,84,84,84,84
221,Silent Club,Silent Club pure,Air Energy,Club,MG,,,,,,,,,,x,84,84,84,84,84,84,84,84,84
222,SF 26,SF 26,Scheibe-Flugzeugbau,Club,GL,12.34,183.0,,330.0,,,,,x,,83,83,83,83,83,83,83,83,83
223,ASK 14,ASK 14,Alexander Schleicher,Club,MG,12.68,245.0,,260.0,,,,x,x,x,82,82,82,82,82,82,82,82,82
224,Ka 6,Ka 6,Alexander Schleicher,Club,GL,12.4,185.0,275.28,300.0,62.00,-0.0000099:0.0013404:-0.0702004:1.5483648:-12.7570712,,,x,,82,82,82,82,82,82,82,82,82
225,LOM 57,LOM 57,VEB Lommatzsch,Club,GL,14.85,230.0,,330.0,,,,,x,,82,82,82,82,82,82,82,82,82
226,LOM 57,LOM 57/1,VEB Lommatzsch,Club,GL,14.85,230.0,,330.0,,,,,x,,82,82,82,82,82,82,82,82,82
227,Lambada UFM-13,Lambada UFM-13,Urban Air,Double,MG,12.16,285.0,,472.5,,,x,x,,x,82,82,82,82,82,82,82,76,76
228,SFS 31,SFS 31,Scheibe-Flugzeugbau,Club,MG,12.00,300.0,,430.0,,,,x,,x,82,82,82,82,82,82,82,82,82
229,SZD-22 Mucha Std.,SZD-22-Mucha Std.,PZL Bielsko,Club,GL,14.98,219.0,,350.0,,,,,x,,82,82,82,82,82,82,82,82,82
230,Sagitta,Sagitta,N.V. Vliegtuigbouw,Club,GL,12.00,217.0,,320.0,,,,,,,82,82,82,82,82,82,82,82,82
231,Duo Banjo,Duo Banjo,ProFe,Double,GL,,,,,,,x,,,,80,80,80,80,80,80,80,80,80
232,LCF 2,LCF 2,LCF,Club,GL,10.0,190.0,282.0,300.0,69.00,-0.0000040:0.0005468:-0.0305655:0.7131420:-6.6060096,,,,,80,80,80,80,80,80,80,80,80
233,SZD-12 Mucha 100,SZD-12 Mucha 100,PZL Bielsko,Club,GL,15.0,195.0,,290.0,,,,,x,,80,80,80,80,80,80,80,80,80
234,Weihe 50,Weihe 50,DFS,Club,GL,18.20,195.0,,355.0,,,,,x,,80,80,80,80,80,80,80,80,80
235,L-Spatz,L-Spatz,Scheibe-Flugzeugbau,Club,GL,10.90,135.0,,245.0,,,,,x,,78,78,78,78,78,78,78,78,78
236,Lunak LF 107,Lunak LF 107,Rudý Letov,Club,GL,13.38,205.0,,310.0,,,,,x,,78,78,78,78,78,78,78,78,78
237,Swift S-1,Swift S-1,ZRPSL,Club,GL,11.8,280.0,,390.0,,,,,,,77,77,77,77,77,77,77,77,77
238,Ahrens Delphin V1,Ahrens Delphin V1,Arthur Ahrens,Club,GL,16.9,265.0,,375.0,,,,,x,,76,76,76,76,76,76,76,76,76
239,Banjo,Banjo,ProFe,Club,GL,10.5,105.0,,220.0,,,,,,,76,76,76,76,76,76,76,76,76
240,K 8,K 8,Alexander Schleicher,Club,GL,14.15,190.0,280.17,310.0,55.50,-0.0000019:0.0002397:-0.0161705:0.3850366:-3.6499568,,,x,,76,76,76,76,76,76,76,76,76
241,Minimoa,Minimoa,Schempp-Hirth,Club,GL,20.0,200.0,,350.0,,,,,x,,76,76,76,76,76,76,76,76,76
242,AV.36,AV.36,Fauvel,Club,GL,,,,,,,,,x,,74,74,74,74,74,74,74,74,74
243,RF 4,RF 4,Fournier,Club,MG,11.30,280.0,,390.0,,,,x,x,x,74,74,74,74,74,74,74,74,74
244,Spatz 13m,Spatz 13m,Scheibe-Flugzeugbau,Club,GL,10.90,135.0,,245.0,,,,,x,,74,74,74,74,74,74,74,74,74
245,Piccolo,Piccolo,Technoflug,Club,MG,10.60,180.0,,297.0,,,,,,x,68,68,68,68,68,68,68,68,68
246,Song,Song,Gramex,Club,MG,,,,,,,,x,,x,65,65,65,65,65,65,65,65,65
247,Stratos 2e,Stratos 2e,HFL Leichtflugzeugbau,Club,MG,15.0,155.0,,280.0,,,,,,,64,64,64,64,64,64,64,64,64
248,Rhönsperber,Rhönsperber,DFS,Club,GL,15.10,177.0,,267.0,,,,,x,,62,62,62,62,62,62,62,62,62
249,Rhönbussard,Rhönbussard,DFS,Club,GL,14.10,150.0,,245.0,,,,,x,,60,60,60,60,60,60,60,60,60
250,Grunau Baby,Grunau Baby,Schneider,Club,GL,14.20,160.0,,250.0,,,,,x,,54,54,54,54,54,54,54,54,54
251,Ka/1 /3 /4,Ka 1,Alexander Schleicher,Club,GL,9.9,98.0,,195.0,,,,,x,,54,54,54,54,54,54,54,54,54
252,Ka/1 /3 /4,Ka 3,Alexander Schleicher,Club,GL,9.9,100.0,,195.0,,,,,x,,54,54,54,54,54,54,54,54,54
253,Falkon,Falkon,Streifeneder,Club,GL,10.66,240.0,344.32,450.0,68.50,-0.0000054:0.0007627:-0.0414025:0.9600512:-8.5412722,,,,,103,103,103,103,103,103,103,103,103
254,LS 3 Std,LS 3 Std,Rolladen-Schneider,Club,GL,,,,,,,,,,,103,103,103,103,103,103,103,103,103
255,mini LAK,mini LAK-FES,Sportinė Aviacija,Club,FG,8.41,213.0,343.3,350.0,81.80,-0.0000018:0.0002559:-0.0157664:0.4204374:-4.6647654,,,,,103,103,105,105,103,103,103,103,103
256,AK-5,AK-5,Akaflieg Karlsruhe,Club,GL,10.66,282.2,361.374,485.0,72.00,-0.0000062:0.0008883:-0.0477897:1.0993931:-9.7241866,,,,,102,102,102,102,102,102,102,102,102
257,Cirrus B 18.34m,Cirrus B 18.34m,Schempp-Hirth,Club,GL,12.6,260.0,330.0,,80.00,-0.0029376:0.1219200:-1.8600000,,,,,102,102,102,102,102,102,102,102,102
258,DG 300 FG,DG 300 FG,DG Flugzeugbau,Club,GL,10.28,245.0,363.912,450.0,72.00,-0.0000081:0.0010804:-0.0550934:1.2152352:-10.3114380,,,,,102,102,102,102,102,102,102,102,102
259,Pegase,Pegase,Centrair,Club,GL,10.5,254.39,368.0,505.0,72.61,-0.0000026:0.0003168:-0.0168197:0.3936045:-3.9066883,,,,,102,102,102,102,102,102,102,102,102
260,SB 12,SB 12,Akaflieg Braunschweig,Club,GL,10.02,238.0,332.66,450.0,71.00,-0.0000045:0.0006134:-0.0332318:0.7786094:-7.1394008,,,,,103,103,103,103,103,103,100,100,100
261,Hornet,Hornet WL,Glasflügel,Club,GL,9.8,245.0,316.54,420.0,71.00,-0.0000010:0.0001645:-0.0123437:0.3513426:-3.9083796,,,,,101,101,101,101,101,101,101,101,101
262,SZD-59 15m,SZD-59 15m WL,Allstar PZL Glider,Club,GL,10.66,270.0,,540.0,,,,,,,101,101,101,101,101,101,101,101,101
263,ASW 19,ASW 19,Alexander Schleicher,Club,GL,11.0,260.0,346.5,408.0,70.00,-0.0000079:0.0011932:-0.0684983:1.6816706:-15.4320385,,,,,100,100,100,100,100,100,100,100,100
264,Cirrus,Cirrus,Schempp-Hirth,Club,GL,10.04,202.0,307.22,390.0,69.00,-0.0000002:0.0000662:-0.0074782:0.2442414:-3.0509519,,,,,100,100,100,100,100,100,100,100,100
265,Cirrus,Cirrus VTC 17.74m,Schempp-Hirth,Club,GL,,,,,,,,,,,100,100,100,100,100,100,100,100,100
266,D 37,D 37,Akaflieg Darmstadt,Club,GL,13.0,300.0,387.4,460.0,68.00,-0.0000201:0.0025821:-0.1247916:2.6147722:-20.4677955,,,,,100,100,100,100,100,100,100,100,100
267,DG 100,DG 100,DG Flugzeugbau,Club,GL,11.0,230.0,332.75,418.0,68.00,-0.0000138:0.0019469:-0.1029678:2.3450349:-19.9093619,,,,,100,100,100,100,100,100,100,100,100
268,Elfe 17m,Elfe 17m,Neukom,Club,GL,13.3,270.0,,380.0,,,,,,,100,100,100,100,100,100,100,100,100
269,Hornet,Hornet,Glasflügel,Club,GL,9.8,227.0,318.0,420.0,71.00,-0.0000010:0.0001645:-0.0123437:0.3513426:-3.9083796,,,,,100,100,100,100,100,100,100,100,100
270,LS 1-e/f,LS 1-e,Rolladen-Schneider,Club,GL,9.74,200.0,287.33,341.0,64.00,-0.0000075:0.0009986:-0.0515472:1.1425118:-9.6818903,,,,,100,100,100,100,100,100,100,100,100
271,LS 1-e/f,LS 1-f,Rolladen-Schneider,Club,GL,9.74,230.0,328.238,390.0,68.00,-0.0000018:0.0002699:-0.0170553:0.4415199:-4.5611431,,,,,100,100,100,100,100,100,100,100,100
272,Phöbus B3/C,Phöbus B3,Bölkow,Club,GL,14.06,225.0,310.0,459.0,80.00,-0.0015552:0.0446400:-0.7400000,,,,,100,100,100,100,100,100,100,100,100
273,Phöbus B3/C,Phöbus C,Bölkow,Club,GL,14.06,225.0,310.0,459.0,80.00,-0.0015552:0.0446400:-0.7400000,,,,,100,100,100,100,100,100,100,100,100
274,SZD-59 Acro 13.2m,SZD-59 Acro 13.2m,Allstar PZL Glider,Club,GL,9.8,260.0,,380.0,,,,,,,100,100,100,100,100,100,100,93,93
275,G 102 Std. Astir,G 102 Std. Astir,Grob Aircraft,Club,GL,12.4,260.0,373.24,450.0,72.50,-0.0000026:0.0003539:-0.0197620:0.4755474:-4.7121546,,,,,100,100,100,100,100,100,100,100,100
276,Std. Cirrus 16m,Std. Cirrus 16m,Schempp-Hirth,Club,GL,10.36,220.0,308.728,390.0,70.50,-0.0000005:0.0000958:-0.0085452:0.2521428:-2.9188302,,,,,100,100,100,100,100,100,100,100,100
277,Std. Cirrus,Std. Cirrus WL,Schempp-Hirth,Club,GL,10.04,202.0,357.4,390.0,74.78,-0.0000023:0.0003245:-0.0186987:0.4582391:-4.6219841,,,,,100,100,100,100,100,100,100,100,100
278,SZD-48 Jantar Std. 2,SZD-48 Jantar Std. 2,PZL Bielsko,Club,GL,10.66,247.0,357.11,520.0,74.00,-0.0000040:0.0005879:-0.0340063:0.8378464:-8.0060375,,,,,100,100,100,100,100,100,100,100,100
279,D 43 18m,D 43 18m,Akaflieg Darmstadt,Double,GL,15.93,570.0,667.467,700.0,81.43,-0.0000093:0.0013363:-0.0733836:1.7750663:-16.5188436,x,,,,99,99,99,99,99,99,99,99,99
280,Taurus,Taurus,Pipistrel,Double,MG,12.26,306.0,472.0,,80.00,-0.0029376:0.1579200:-2.8300000,x,,,x,99,99,99,99,99,99,99,99,99
281,G 103 Twin 3,G 103 Twin 3 20m,Grob Aircraft,Double,GL,18.5,490.0,600.0,650.0,77.60,-0.0000072:0.0008805:-0.0423662:0.8979431:-7.5713757,x,,,,99,99,99,99,99,99,99,99,99
282,fs 31,fs 31,Akaflieg Stuttgart,Double,GL,17.76,440.0,529.248,560.0,73.50,-0.0000020:0.0003227:-0.0206192:0.5432771:-5.6055854,x,,,,99,99,99,99,99,99,99,99,99
283,AFH 22,AFH 22,Akaflieg Hannover,Double,GL,17.7,380.0,,600.0,,,x,,,,98,98,98,98,98,98,98,98,98
284,DG 500 Trainer FG,DG 500 Trainer FG,DG Flugzeugbau,Double,GL,16.6,400.0,572.7,750.0,74.00,-0.0000010:0.0000567:-0.0013382:0.0100304:-0.6248662,x,,,,98,98,98,98,98,98,98,98,98
285,DG 500 Trainer FG,DG 505 Trainer FG,DG Flugzeugbau,Double,GL,16.6,400.0,572.7,750.0,74.00,-0.0000010:0.0000567:-0.0013382:0.0100304:-0.6248662,x,,,,98,98,98,98,98,98,98,98,98
286,SZD-54-2 Perkoz 17.5m,SZD-54-2 Perkoz 17.5m,Allstar PZL Glider,Double,GL,16.36,375.0,442.0,590.0,79.00,-0.0062645:0.3176422:-4.8576124,x,,,,98,98,98,98,98,98,98,98,98
287,Silence E 75,Silence E 75,-,Double,MG,,,,,,,x,,,x,98,98,98,98,98,98,98,98,98
288,G 103 Twin 3,G 103 Twin 3 18m,Grob Aircraft,Double,GL,17.52,460.0,567.65,600.0,71.00,-0.0000063:0.0009335:-0.0533300:1.3115676:-12.2637754,x,,,,97,97,97,97,97,97,97,97,97
290,G 103 Twin 3,G 103 Twin 3 SL 18m,Grob Aircraft,Double,MG,17.52,460.0,567.65,600.0,71.00,-0.0000063:0.0009335:-0.0533300:1.3115676:-12.2637754,x,,,x,95,95,95,95,95,95,95,95,95
291,G 103 Twin Astir RG,G 103 Twin Astir RG,Grob Aircraft,Double,GL,17.8,490.0,605.2,650.0,76.00,-0.0000059:0.0009211:-0.0538444:1.3327805:-12.4397817,x,,,,94,94,94,94,94,94,94,94,94
292,ASK 21,ASK 21,Alexander Schleicher,Double,GL,17.95,360.0,561.835,600.0,71.00,0.0000012:-0.0001353:0.0028923:0.0208474:-1.4431178,x,,,,92,92,92,92,92,92,92,92,92
293,ASK 21,ASK 21 B,Alexander Schleicher,Double,GL,17.95,360.0,561.835,600.0,71.00,0.0000012:-0.0001353:0.0028923:0.0208474:-1.4431178,x,,,,92,92,92,92,92,92,92,92,92
294,ASK 21,ASK 21 Mi,Alexander Schleicher,Double,MG,17.95,450.0,561.835,600.0,71.00,0.0000012:-0.0001353:0.0028923:0.0208474:-1.4431178,x,,,x,92,92,92,92,92,92,92,92,92
295,G 103 Twin 2,G 103 Twin 2,Grob Aircraft,Double,GL,17.52,390.0,580.0,,79.00,-0.0022484:0.1166687:-2.3080298,x,,,,92,92,92,92,92,92,92,92,92
296,G 103 Twin Astir Trainer FG,G 103 Twin Astir Trainer FG,Grob Aircraft,Double,GL,17.8,490.0,594.52,650.0,77.00,-0.0000053:0.0008271:-0.0493643:1.2635012:-12.3531243,x,,,,92,92,92,92,92,92,92,92,92
297,PW 6,PW 6,PZL Świdnik,Double,GL,15.3,360.0,546.0,546.0,84.00,-0.0042384:0.2153750:-3.5316806,x,,,,86,86,86,86,86,86,86,86,86
298,SF 34,SF 34 FG,Scheibe-Flugzeugbau,Double,GL,14.8,430.0,534.3,540.0,77.00,-0.0000022:0.0003862:-0.0270257:0.7713176:-8.4070794,x,,,,86,86,86,86,86,86,86,86,86
299,IS 28 B2,IS 28 B2,ICA,Double,GL,18.24,375.0,590.0,,80.00,-0.0032940:0.1503000:-2.4533333,x,,,,84,84,84,84,84,84,84,84,84
300,SZD-50 Puchacz,SZD-50 Puchacz,PZL Bielsko,Double,GL,18.16,455.0,544.8,570.0,70.50,-0.0000073:0.0010355:-0.0569609:1.3474215:-12.2275429,x,,,,84,84,84,84,84,84,84,84,84
301,Bergfalke IV,Bergfalke IV,Scheibe-Flugzeugbau,Double,GL,17.88,402.0,491.7,505.0,70.00,-0.0000066:0.0009198:-0.0498405:1.1427146:-10.1536806,x,,x,,80,80,80,80,80,80,80,80,80
302,Condor 4,Condor 4,Alexander Schleicher,Double,GL,,,,,,,x,,x,,80,80,80,80,80,80,80,80,80
303,Kranich 3,Kranich 3,DFS,Double,GL,21.06,420.0,509.652,550.0,61.00,-0.0000049:0.0006545:-0.0360657:0.8214108:-7.2517130,x,,x,,80,80,80,80,80,80,80,80,80
304,L23 SuperBlanik,L23 SuperBlanik 18.2m,LET,Double,GL,19.15,382.0,472.0,500.0,65.00,-0.0000122:0.0015152:-0.0731290:1.5384958:-12.4602521,x,,x,,80,80,80,80,80,80,80,80,80
305,ASK 13,ASK 13,Alexander Schleicher,Double,GL,17.5,386.0,488.0,480.0,64.00,-0.0000014:0.0001758:-0.0122788:0.3313047:-3.7602297,x,,x,,79,79,79,79,79,79,79,79,79
306,Pipistrel Sinus,Pipistrel Sinus,Pipistrel,Double,MG,12.26,285.0,,472.5,,,x,x,,x,78,78,78,78,78,78,78,78,78
307,RF-10,RF-10,Fournier,Double,MG,18.70,600.0,,800.0,,,x,x,,x,78,78,78,78,78,78,78,78,78
308,RF-5B,RF-5B,Fournier,Double,MG,19.0,500.0,,700.0,,,x,x,,x,78,78,78,78,78,78,78,78,78
309,SF 28 A,SF 28 A,Scheibe-Flugzeugbau,Double,MG,18.5,400.0,,610.0,,,x,x,,x,78,78,78,78,78,78,78,78,78
310,ASK 16,ASK 16,Alexander Schleicher,Double,MG,19.0,470.0,,750.0,,,x,x,,x,76,76,76,76,76,76,76,76,76
311,Bergfalke III,Bergfalke III,Scheibe-Flugzeugbau,Double,GL,17.7,340.0,430.0,430.0,59.00,-0.0000168:0.0020835:-0.0995706:2.0449024:-15.9660406,x,,x,,76,76,76,76,76,76,76,76,76
312,SZD-9 Bocian,SZD-9 Bocian,PZL Bielsko,Double,GL,18.12,450.0,509.0,540.0,64.00,-0.0000050:0.0006656:-0.0359297:0.8062574:-7.1210427,x,,x,,76,76,76,76,76,76,76,76,76
313,IS 28 M,IS 28 M,ICA,Double,GL,,,,,,,x,,,,76,76,76,76,76,76,76,76,76
314,Ka 2,Ka 2,Alexander Schleicher,Double,GL,16.8,254.0,418.0,460.0,67.00,-0.0038026:0.1531948:-2.3813853,x,,x,,76,76,76,76,76,76,76,76,76
315,Kranich 2,Kranich 2,DFS,Double,GL,22.7,185.0,,350.0,,,x,,x,,76,76,76,76,76,76,76,76,76
316,SZD-45 Ogar,SZD-45 Ogar,PZL Bielsko,Double,MG,17.53,470.0,,700.0,,,x,x,,x,76,76,76,76,76,76,76,76,76
317,PZL KR-03A Puchatek,PZL KR-03A Puchatek,PZL Krosno,Double,GL,19.44,350.0,,540.0,,,x,,,,75,75,75,75,75,75,75,75,75
318,Bergfalke II,Bergfalke II,Scheibe-Flugzeugbau,Double,GL,17.7,340.0,430.0,430.0,59.00,-0.0000168:0.0020835:-0.0995706:2.0449024:-15.9660406,x,,x,,74,74,74,74,74,74,74,74,74
319,RF-5,RF-5,Fournier,Double,MG,15.16,450.0,,650.0,,,x,x,,x,74,74,74,74,74,74,74,74,74
320,SF 25 E,SF 25 E,Scheibe-Flugzeugbau,Double,MG,,,,,,,x,x,,x,74,74,74,74,74,74,74,74,74
321,G 109 B,G 109 B,Grob Aircraft,Double,MG,20.4,735.0,824.16,825.0,82.00,-0.0000178:0.0026752:-0.1519677:3.7694729:-35.3193761,x,x,,x,72,72,72,72,72,72,72,72,72
322,MDM-1 Fox,MDM-1 Fox,ZRPSL,Double,GL,12.3,345.0,,525.0,,,x,,,,72,72,72,72,72,72,72,72,72
323,Taifun 17e,Taifun 17e,Valentin Flugzeugbau,Double,MG,17.6,580.0,,820.0,,,x,x,,x,70,70,70,70,70,70,70,70,70
324,Dimona,Dimona,Diamond Aircraft,Double,MG,15.30,15.3,470.0,670.0,,,x,x,,x,68,68,68,68,68,68,68,68,68
325,G 109,G 109,Grob Aircraft,Double,MG,20.4,735.0,824.16,825.0,82.00,-0.0000178:0.0026752:-0.1519677:3.7694729:-35.3193761,x,x,,x,68,68,68,68,68,68,68,68,68
326,H36 Dimona,H36 Dimona,Diamond Aircraft,Double,MG,15.3,470.0,670.0,770.0,80.00,-0.0031104:0.1324800:-2.5700000,x,x,,x,68,68,68,68,68,68,68,68,68
327,HK36 Super Dimona,HK36 Super Dimona,Diamond Aircraft,Double,MG,15.3,470.0,670.0,770.0,80.00,-0.0031104:0.1324800:-2.5700000,x,x,,x,68,68,68,68,68,68,68,68,68
328,SF 25 C (2000),SF 25 C 2000,Scheibe-Flugzeugbau,Double,MG,18.2,435.0,,650.0,,,x,x,,x,67,67,67,67,67,67,67,67,67
329,SF 25C-S Falke 76,SF 25C-S Falke 76,Scheibe-Flugzeugbau,Double,MG,,,,,,,x,x,,x,67,67,67,67,67,67,67,67,67
330,Samburo AVo68-R,Samburo AVo68-R,M&D Flugzeugbau,Double,MG,20.7,585.0,,825.0,,,x,x,,x,67,67,67,67,67,67,67,67,67
331,SF 25B Falke,SF 25B Falke,Scheibe-Flugzeugbau,Double,MG,17.50,360.0,,555.0,,,x,x,,x,65,65,65,65,65,65,65,65,65
332,Ka 4 Rhönlerche II,Ka 4 Rhönlerche II,Alexander Schleicher,Double,GL,16.34,220.0,360.0,,45.00,-0.0037702:0.0922909:-1.3872727,x,,x,,54,54,54,54,54,54,54,54,54
333,Specht,Specht,Scheibe-Flugzeugbau,Double,GL,16.64,210.0,,390.0,,,x,,x,,54,54,54,54,54,54,54,54,54
334,ASG 32,ASG 32,Alexander Schleicher,Double,GL,15.7,490.0,807.0,850.0,83.40,-0.0000046:0.0006744:-0.0379062:0.9420338:-9.2441306,x,,,,114,114,116,114,114,114,120,120,120
335,ASG 32,ASG 32 EL,Alexander Schleicher,Double,MG,15.7,570.0,807.0,850.0,83.40,-0.0000046:0.0006744:-0.0379062:0.9420338:-9.2441306,x,,,x,114,114,116,114,114,114,120,120,120
336,ASG 32,ASG 32 Mi,Alexander Schleicher,Double,MG,15.7,570.0,807.0,850.0,83.40,-0.0000046:0.0006744:-0.0379062:0.9420338:-9.2441306,x,,,x,114,114,116,114,114,114,120,120,120
337,Arcus,Arcus,Schempp-Hirth,Double,GL,15.6,430.0,702.0,800.0,78.00,-0.0000054:0.0008429:-0.0498947:1.2824907:-12.5555260,x,,,,114,114,116,114,114,114,120,120,120
338,Arcus,Arcus E,Schempp-Hirth,Double,MG,15.6,485.0,702.0,800.0,78.00,-0.0000054:0.0008429:-0.0498947:1.2824907:-12.5555260,x,,,x,114,114,116,114,114,114,120,120,120
339,Arcus,Arcus M,Schempp-Hirth,Double,MG,15.6,510.0,702.0,800.0,78.00,-0.0000054:0.0008429:-0.0498947:1.2824907:-12.5555260,x,,,x,114,114,116,114,114,114,120,120,120
340,Arcus,Arcus T,Schempp-Hirth,Double,MG,15.6,485.0,702.0,800.0,78.00,-0.0000054:0.0008429:-0.0498947:1.2824907:-12.5555260,x,,,,114,114,116,114,114,114,120,120,120
341,HpH 304 TS Twin Shark,HpH 304 TS Twin Shark,HpH Sailplanes,Double,MG,15.3,495.0,688.5,850.0,78.00,-0.0000054:0.0008429:-0.0498947:1.2824907:-12.5555260,x,,,x,115,115,115,115,113,113,119,119,119
342,Duo Discus XL,Duo Discus XL,Schempp-Hirth,Double,GL,16.4,440.0,596.96,750.0,80.00,-0.0000057:0.0008204:-0.0447925:1.0602133:-9.6768272,x,,,,111,111,111,111,111,111,113,113,113
343,Duo Discus XL,Duo Discus XLT,Schempp-Hirth,Double,MG,16.4,490.0,596.96,750.0,80.00,-0.0000057:0.0008204:-0.0447925:1.0602133:-9.6768272,x,,,,111,111,111,111,111,111,113,113,113
344,LS 11,LS 11,Rolladen-Schneider,Double,GL,13.9,480.0,,695.0,,,x,,,,111,111,111,111,111,111,113,113,113
345,DG 1000 20m,DG 1000M 20m,DG Flugzeugbau,Double,MG,17.53,501.0,583.4,750.0,70.70,-0.0000104:0.0015237:-0.0849420:2.0626700:-18.7888638,x,,,x,110,110,110,110,110,110,110,111,111
346,DG 1000 20m,DG 1000S 20m,DG Flugzeugbau,Double,GL,17.53,415.0,583.4,750.0,70.70,-0.0000104:0.0015237:-0.0849420:2.0626700:-18.7888638,x,,,,110,110,110,110,110,110,110,111,111
347,DG 1000 20m,DG 1000T 20m,DG Flugzeugbau,Double,MG,17.53,465.0,583.4,750.0,70.70,-0.0000104:0.0015237:-0.0849420:2.0626700:-18.7888638,x,,,,110,110,110,110,110,110,110,111,111
348,Duo Discus,Duo Discus,Schempp-Hirth,Double,GL,16.4,440.0,596.96,750.0,80.00,-0.0000057:0.0008204:-0.0447925:1.0602133:-9.6768272,x,,,,110,110,110,110,110,110,112,112,112
349,Duo Discus,Duo Discus T,Schempp-Hirth,Double,MG,16.4,490.0,596.96,750.0,80.00,-0.0000057:0.0008204:-0.0447925:1.0602133:-9.6768272,x,,,,110,110,110,110,110,110,112,112,112
350,fs 33,fs 33,Akaflieg Stuttgart,Double,GL,14.43,408.5,,640.0,,,x,,,,109,109,109,109,109,109,109,109,109
351,Calif A 21,Calif A 21,Caproni,Double,GL,16.2,526.0,620.46,644.0,73.00,-0.0000026:0.0003714:-0.0211828:0.5255963:-5.3839803,x,,,,108,108,108,108,108,108,108,108,108
352,Calif A 21,Calif A 21 SJ,Caproni,Double,MG,16.2,526.0,620.46,644.0,73.00,-0.0000026:0.0003714:-0.0211828:0.5255963:-5.3839803,x,,,,108,108,108,108,108,108,108,108,108
353,B12,B12,Akaflieg Berlin,Double,GL,16.58,528.0,620.0,620.0,73.00,0.0000002:-0.0000324:-0.0002725:0.0670963:-1.7583300,x,,,,106,106,106,106,106,106,106,106,106
354,DG 1000 18m,DG 1000M 18m,DG Flugzeugbau,Double,MG,16.72,485.0,,750.0,,,x,,,x,106,106,106,106,106,106,106,106,106
355,DG 1000 18m,DG 1000S 18m,DG Flugzeugbau,Double,GL,16.72,400.0,,750.0,,,x,,,,106,106,106,106,106,106,106,106,106
356,DG 1000 18m,DG 1000T 18m,DG Flugzeugbau,Double,MG,16.72,450.0,,750.0,,,x,,,,106,106,106,106,106,106,106,106,106
357,Janus C FG,Janus C FG,Schempp-Hirth,Double,GL,17.4,405.0,593.34,700.0,71.00,-0.0000000:0.0000170:-0.0041480:0.1672645:-2.4754269,x,,,,106,106,106,106,106,106,106,106,106
358,Janus C FG,Janus CM FG,Schempp-Hirth,Double,MG,17.4,495.0,593.34,700.0,71.00,-0.0000000:0.0000170:-0.0041480:0.1672645:-2.4754269,x,,,x,106,106,106,106,106,106,106,106,106
359,Janus C FG,Janus CT FG,Schempp-Hirth,Double,MG,17.4,455.0,593.34,700.0,71.00,-0.0000000:0.0000170:-0.0041480:0.1672645:-2.4754269,x,,,,106,106,106,106,106,106,106,106,106
360,DG 1000 18m FG,DG 1000 18m FG,DG Flugzeugbau,Double,GL,16.72,400.0,,750.0,,,x,,,,104,104,104,104,104,104,104,104,104
361,DG 500 20m,DG 500 20m,DG Flugzeugbau,Double,GL,17.59,480.0,664.9,750.0,74.00,-0.0000062:0.0008206:-0.0418703:0.9219439:-7.8517553,x,,,,104,104,104,104,104,104,104,104,104
362,DG 500 20m,DG 500M 20m,DG Flugzeugbau,Double,MG,17.59,530.0,664.9,750.0,74.00,-0.0000062:0.0008206:-0.0418703:0.9219439:-7.8517553,x,,,x,104,104,104,104,104,104,104,104,104
363,DG 505 M Orion 20m,DG 505 M Orion 20m,DG Flugzeugbau,Double,GL,,,,,,,x,,,,104,104,104,104,104,104,104,104,104
364,Janus 18.2m,Janus 18.2m,Schempp-Hirth,Double,GL,16.6,370.0,607.56,620.0,74.00,-0.0000030:0.0005070:-0.0330994:0.9157888:-9.7048730,x,,,,102,102,102,102,102,102,102,102,102
365,SZD-54-2 Perkoz 20m WL,SZD-54-2 Perkoz 20m WL,Allstar PZL Glider,Double,GL,17.3,380.0,442.0,615.0,71.00,-0.0054493:0.2451478:-3.4048949,x,,,,102,102,102,102,102,102,102,102,102
366,DG 500 Trainer RG,DG 500 Trainer RG,DG Flugzeugbau,Double,GL,16.6,400.0,572.7,750.0,74.00,-0.0000010:0.0000567:-0.0013382:0.0100304:-0.6248662,x,,,,100,100,100,100,100,100,100,100,100
367,DG 505 6 Orion,DG 505 6 Orion,DG Flugzeugbau,Double,GL,,,,,,,x,,,,100,100,100,100,100,100,100,100,100
368,DG 500 Trainer RG,DG 505 Trainer RG,DG Flugzeugbau,Double,GL,16.6,400.0,572.7,750.0,74.00,-0.0000010:0.0000567:-0.0013382:0.0100304:-0.6248662,x,,,,100,100,100,100,100,100,100,100,100
369,EB 29,EB 29,Binder,Open,MG,16.5,580,,900,,,,,,x,125,125,127,127,125,125,128,128,128
370,EB 29,EB 29D,Binder,Open,MG,16.5,580,,900,,,x,,,x,125,125,127,127,125,125,127,127,127
371,EB 29,EB 29DR,Binder,Open,MG,14.9,700,,900,,,x,,,x,125,125,127,127,125,125,129,129,129
372,EB 29,EB 29R,Binder,Open,MG,14.9,610,,900,,,,,,x,125,125,127,127,125,125,129,129,129
373,Eta,Eta,ETA Aircraft,Open,MG,18.6,840.0,950.0,970.0,83.23,-0.0000092:0.0014881:-0.0898789:2.3515673:-22.8607867,x,,,x,125,125,127,125,125,125,127,127,127
374,NimEta,NimEta X,ETA Aircraft,Open,MG,18.6,840.0,950.0,970.0,83.23,-0.0000092:0.0014881:-0.0898789:2.3515673:-22.8607867,,,,x,125,125,127,127,125,125,128,128,128
375,ASH 30 Mi,ASH 30 Mi,Alexander Schleicher,Open,MG,17.17,630.0,,850.0,,,x,,,x,124,124,126,124,124,124,124,124,124
376,ASW 22 BL,ASW 22 BL,Alexander Schleicher,Open,GL,17.0,465.0,584.0,750.0,74.00,-0.0000014:0.0002313:-0.0153017:0.4183136:-4.4203432,,,,,124,124,124,124,124,124,124,124,124
377,ASW 22 BL,ASW 22 BLE,Alexander Schleicher,Open,MG,17.0,515.0,584.0,750.0,74.00,-0.0000014:0.0002313:-0.0153017:0.4183136:-4.4203432,,,,x,124,124,124,124,124,124,124,124,124
378,EB 28,EB 28,Binder,Open,MG,16.8,570.0,670.0,,80.00,-0.0010800:0.0390000:-0.7100000,x,,,x,124,124,126,126,124,124,125,125,125
379,Nimbus 4,Nimbus 4,Schempp-Hirth,Open,GL,17.8,470.0,597.0,820.0,65.10,-0.0017979:0.0778689:-1.2460925,,,,,124,124,124,124,124,124,124,124,124
380,Nimbus 4,Nimbus 4M,Schempp-Hirth,Open,MG,17.8,550.0,597.0,820.0,65.10,-0.0017979:0.0778689:-1.2460925,,,,x,124,124,124,124,124,124,124,124,124
381,Nimbus 4,Nimbus 4T,Schempp-Hirth,Open,MG,17.8,520.0,597.0,820.0,65.10,-0.0017979:0.0778689:-1.2460925,,,,,124,124,124,124,124,124,124,124,124
382,ASH 25 >= 26m,ASH 25 >= 26m,Alexander Schleicher,Open,GL,16.62,510.0,663.81,750.0,75.50,-0.0000025:0.0004124:-0.0261901:0.6935748:-6.9213741,x,,,,123,123,123,123,123,123,123,123,123
383,ASH 25 >= 26m,ASH 25 E >= 26m,Alexander Schleicher,Open,MG,16.62,560.0,663.81,750.0,75.50,-0.0000025:0.0004124:-0.0261901:0.6935748:-6.9213741,x,,,,123,123,123,123,123,123,123,123,123
384,ASH 25 EB 28,ASH 25 EB 28,Binder,Open,MG,,,,,,,x,,,x,123,123,123,123,123,123,123,123,123
385,ASH 25 >= 26m,ASH 25 M >= 26m,Alexander Schleicher,Open,MG,16.62,560.0,663.81,750.0,75.50,-0.0000025:0.0004124:-0.0261901:0.6935748:-6.9213741,x,,,x,123,123,123,123,123,123,123,123,123
386,ASH 25 >= 26m,ASH 25 Mi >= 26m,Alexander Schleicher,Open,MG,16.62,560.0,663.81,750.0,75.50,-0.0000025:0.0004124:-0.0261901:0.6935748:-6.9213741,x,,,x,123,123,123,123,123,123,123,123,123
387,ASW 22 B,ASW 22 B,Alexander Schleicher,Open,GL,16.31,415.0,542.0,750.0,68.00,-0.0000018:0.0003058:-0.0200608:0.5313844:-5.2542724,,,,,123,123,123,123,123,123,123,123,123
388,ASW 22 B,ASW 22 BE,Alexander Schleicher,Open,MG,16.31,465.0,542.0,750.0,68.00,-0.0000018:0.0003058:-0.0200608:0.5313844:-5.2542724,,,,x,123,123,123,123,123,123,123,123,123
389,Antares 23,Antares 23E,Lange Aviation,Open,MG,14.75,530.0,750.0,850.0,100.43,-0.0000013:0.0002225:-0.0155789:0.4726775:-5.5924087,,,,x,123,123,125,125,123,123,126,126,126
390,Antares 23,Antares 23T,Lange Aviation,Open,MG,14.75,445.0,750.0,850.0,100.43,-0.0000013:0.0002225:-0.0155789:0.4726775:-5.5924087,,,,,123,123,125,125,123,123,126,126,126
391,Nimbus 4D,Nimbus 4D,Schempp-Hirth,Open,GL,17.8,515.0,743.0,820.0,87.50,-0.0018380:0.0940520:-1.6695495,x,,,,123,123,124,123,123,123,123,123,123
392,Nimbus 4D,Nimbus 4DM,Schempp-Hirth,Open,MG,17.8,595.0,820.0,820.0,80.01,-0.0014444:0.0722333:-1.3719544,x,,,x,123,123,124,123,123,123,123,123,123
393,Nimbus 4D,Nimbus 4DT,Schempp-Hirth,Open,MG,17.8,565.0,820.0,820.0,80.01,-0.0014444:0.0722333:-1.3719544,x,,,,123,123,124,123,123,123,123,123,123
394,Quintus,Quintus,Schempp-Hirth,Open,MG,14.7,500.0,750.0,850.0,100.43,-0.0000013:0.0002225:-0.0155789:0.4726775:-5.5924087,,,,x,123,123,125,125,123,123,126,126,126
395,ASH 25,ASH 25,Alexander Schleicher,Open,GL,16.31,510.0,663.81,750.0,75.50,-0.0000025:0.0004124:-0.0261901:0.6935748:-6.9213741,x,,,,122,122,122,122,122,122,122,122,122
396,ASH 25,ASH 25 E,Alexander Schleicher,Open,MG,16.31,560.0,663.81,750.0,75.50,-0.0000025:0.0004124:-0.0261901:0.6935748:-6.9213741,x,,,,122,122,122,122,122,122,122,122,122
397,ASH 25,ASH 25 M,Alexander Schleicher,Open,MG,16.31,560.0,663.81,750.0,75.50,-0.0000025:0.0004124:-0.0261901:0.6935748:-6.9213741,x,,,x,122,122,122,122,122,122,122,122,122
398,JS1C 21m,JS1C 21m,Jonker Sailplanes,Open,GL,12.25,350.0,610.0,720.0,87.60,-0.0000059:0.0009125:-0.0530351:1.3513588:-13.1094949,,,,,122,122,124,122,122,122,127,126,126
399,JS1C 21m,JS1C TJ 21m,Jonker Sailplanes,Open,MG,12.25,370.0,610.0,720.0,87.60,-0.0000059:0.0009125:-0.0530351:1.3513588:-13.1094949,,,,,122,122,124,122,122,122,127,126,126
400,LAK-20 26m,LAK-20M 26m,Sportinė Aviacija,Open,MG,16.4,500.0,,850.0,,,,,,x,122,122,122,122,122,122,122,122,122
401,LAK-20 26m,LAK-20T 26m,Sportinė Aviacija,Open,MG,16.4,485.0,,850.0,,,,,,,122,122,122,122,122,122,122,122,122
402,Nimbus 3 25.5m,Nimbus 3 25.5m,Schempp-Hirth,Open,GL,,,,,,,,,,,122,122,122,122,122,122,122,122,122
403,Nimbus 3 25.5m,Nimbus 3M 25.5m,Schempp-Hirth,Open,MG,,,,,,,,,,x,122,122,122,122,122,122,122,122,122
404,Nimbus 3 25.5m,Nimbus 3T 25.5m,Schempp-Hirth,Open,MG,,,,,,,,,,,122,122,122,122,122,122,122,122,122
405,AS 22-2,AS 22-2,Alexander Schleicher,Open,GL,15.5,462.0,,750.0,,,x,,,,121,121,121,121,121,121,121,121,121
406,ASH 31 Mi 21m,ASH 31 Mi 21m,Alexander Schleicher,Open,MG,13.2,435.0,750.0,700.0,94.30,-0.0000025:0.0003993:-0.0246597:0.6757785:-7.3549105,,,,x,121,121,123,121,121,121,125,124,124
407,ASW 22 24m,ASW 22 24m,Alexander Schleicher,Open,GL,15.49,410.0,508.0,750.0,71.00,-0.0000005:0.0001005:-0.0085562:0.2505626:-2.7491925,,,,,121,121,121,121,121,121,121,121,121
408,ASW 22 24m,ASW 22E 24m,Alexander Schleicher,Open,MG,15.49,460.0,508.0,750.0,71.00,-0.0000005:0.0001005:-0.0085562:0.2505626:-2.7491925,,,,x,121,121,121,121,121,121,121,121,121
409,Nimbus 3 24.5m,Nimbus 3 24.5m,Schempp-Hirth,Open,GL,16.7,390.0,482.63,750.0,66.00,-0.0000026:0.0004041:-0.0245217:0.6143873:-5.7771652,,,,,121,121,121,121,121,121,121,121,121
410,Nimbus 3 24.5m,Nimbus 3T 24.5m,Schempp-Hirth,Open,MG,16.7,430.0,482.63,750.0,66.00,-0.0000026:0.0004041:-0.0245217:0.6143873:-5.7771652,,,,,121,121,121,121,121,121,121,121,121
411,Antares 20,Antares 20E,Lange Aviation,Open,MG,12.6,475.0,530.0,660.0,80.00,-0.0014256:0.0709200:-1.3900000,,,,x,120,120,122,122,120,120,123,122,122
412,LAK-20 23m,LAK-20M 23m,Sportinė Aviacija,Open,MG,15.49,479.0,,825.0,,,,,,x,120,120,122,122,120,120,120,120,120
413,LAK-20 23m,LAK-20T 23m,Sportinė Aviacija,Open,MG,15.49,494.0,,825.0,,,,,,,120,120,122,122,120,120,120,120,120
415,Nimbus 3D 24.6m,Nimbus 3D 24.6m,Schempp-Hirth,Open,GL,16.7,495.0,482.63,750.0,66.00,-0.0000026:0.0004041:-0.0245217:0.6143873:-5.7771652,x,,,,120,120,120,120,120,120,120,120,120
416,Nimbus 3D 24.6m,Nimbus 3DM 24.6m,Schempp-Hirth,Open,MG,16.7,465.0,482.63,750.0,66.00,-0.0000026:0.0004041:-0.0245217:0.6143873:-5.7771652,x,,,x,120,120,120,120,120,120,120,120,120
417,Nimbus 3D 24.6m,Nimbus 3DT 24.6m,Schempp-Hirth,Open,MG,16.7,535.0,482.63,750.0,66.00,-0.0000026:0.0004041:-0.0245217:0.6143873:-5.7771652,x,,,,120,120,120,120,120,120,120,120,120
418,ASW 22 22m,ASW 22 22m,Alexander Schleicher,Open,GL,14.9,400.0,610.58,750.0,77.00,-0.0000003:0.0000772:-0.0071497:0.2302361:-2.8610385,,,,,119,119,119,119,119,119,119,119,119
419,LAK-17 21m,LAK-17B 21m,Sportinė Aviacija,Open,GL,11.58,332,,600,,,,,,,119,119,119,119,119,119,123,123,123
420,LAK-17 21m,LAK-17B FES 21m,Sportinė Aviacija,Open,FG,11.58,332,,600,,,,,,,119,119,119,119,119,119,123,123,123
421,LAK-17 21m,LAK-17B T 21m,Sportinė Aviacija,Open,MG,11.58,332,,600,,,,,,,119,119,119,119,119,119,123,123,123
422,Nimbus 3 22.9m,Nimbus 3 22.9m,Schempp-Hirth,Open,GL,16.26,380.0,480.26,750.0,68.00,-0.0000012:0.0001925:-0.0126783:0.3283705:-3.3185342,,,,,119,119,119,119,119,119,119,119,119
423,Glasflügel 604 24m,Glasflügel 604 24m,Glasflügel,Open,GL,,,,,,,,,,,118,118,118,118,118,118,118,118,118
424,LS 5,LS 5,Rolladen-Schneider,Open,GL,12.4,287.0,405.48,450.0,68.50,-0.0000016:0.0002087:-0.0114486:0.2629281:-2.5394657,,,,,118,118,118,118,118,118,118,118,118
425,SB 10,SB 10,Akaflieg Braunschweig,Open,GL,21.81,755.0,780.8,888.0,74.00,-0.0000040:0.0006666:-0.0415879:1.0979554:-10.8369665,x,,,,118,118,118,118,118,118,118,118,118
426,ASW 17,ASW 17,Alexander Schleicher,Open,GL,14.84,400.0,489.72,610.0,74.00,-0.0000030:0.0004614:-0.0276728:0.7075487:-6.9368215,,,,,115,115,115,115,115,115,115,115,115
427,Glasflügel 604,Glasflügel 604,Glasflügel,Open,GL,16.26,455.0,559.344,650.0,69.50,-0.0000006:0.0000870:-0.0068813:0.2118864:-2.6341690,,,,,114,114,114,114,114,114,114,114,114
428,Kestrel 22m,Kestrel 22m,Glasflügel,Open,GL,16.26,455.0,559.344,650.0,69.50,-0.0000006:0.0000870:-0.0068813:0.2118864:-2.6341690,,,,,114,114,114,114,114,114,114,114,114
429,LAK-12,LAK-12,Sportinė Aviacija,Open,GL,14.63,360.0,430.0,,55.00,-0.0017885:0.0705600:-1.1737500,,,,,114,114,114,114,114,114,114,114,114
430,Nimbus 2,Nimbus 2,Schempp-Hirth,Open,GL,14.41,315.0,432.3,650.0,69.00,-0.0000024:0.0003324:-0.0189776:0.4576805:-4.3833748,,,,,114,114,114,114,114,114,114,114,114
431,Nimbus 2,Nimbus 2M,Schempp-Hirth,Open,MG,14.41,375.0,432.3,650.0,69.00,-0.0000024:0.0003324:-0.0189776:0.4576805:-4.3833748,,,,x,114,114,114,114,114,114,114,114,114
432,Nimbus 2,Nimbus 2b,Schempp-Hirth,Open,GL,14.41,315.0,432.3,650.0,69.00,-0.0000024:0.0003324:-0.0189776:0.4576805:-4.3833748,,,,,114,114,114,114,114,114,114,114,114
433,Nimbus 2,Nimbus 2c,Schempp-Hirth,Open,GL,14.41,315.0,432.3,650.0,69.00,-0.0000024:0.0003324:-0.0189776:0.4576805:-4.3833748,,,,,114,114,114,114,114,114,114,114,114
434,SZD-42 Jantar 2,SZD-42 Jantar 2,PZL Bielsko,Open,GL,14.27,362.0,482.0,649.0,70.00,-0.0000006:0.0001061:-0.0084064:0.2501885:-2.9394474,,,,,113,113,113,113,113,113,113,113,113
435,SZD-42 Jantar 2,SZD-42-2 Jantar 2b,PZL Bielsko,Open,GL,14.3,356.0,474.76,649.0,70.00,-0.0000006:0.0001061:-0.0084064:0.2501885:-2.9394474,,,,,113,113,113,113,113,113,113,113,113
436,SZD-38 Jantar 1,SZD-38 Jantar 1,PZL Bielsko,Open,GL,13.38,293.0,,515.0,,,,,,,112,112,112,112,112,112,112,112,112
437,Kestrel 19m,Kestrel 19m,Glasflügel,Open,GL,12.87,330.0,429.86,472.0,72.00,-0.0000066:0.0009975:-0.0568017:1.3839686:-12.6502388,,,,,112,112,112,112,112,112,112,112,112
438,ASW 12,ASW 12,Alexander Schleicher,Open,GL,13.0,324.0,404.0,430.0,75.00,-0.0000049:0.0006964:-0.0390712:0.9456988:-8.8174338,,,,,110,110,110,110,110,110,110,110,110
439,DG 500 22m,DG 500 22m,DG Flugzeugbau,Open,GL,18.29,445.0,,750.0,,,x,,,,110,110,110,110,110,110,110,110,110
440,DG 500 22m,DG 500M 22m,DG Flugzeugbau,Open,MG,18.29,505.0,,750.0,,,x,,,x,110,110,110,110,110,110,110,110,110
441,DG 500 22m,DG 505 22m,DG Flugzeugbau,Open,GL,18.29,445.0,,750.0,,,x,,,,110,110,110,110,110,110,110,110,110
442,DG 500 22m,DG 505M 22m,DG Flugzeugbau,Open,MG,18.29,505.0,,750.0,,,x,,,x,110,110,110,110,110,110,110,110,110
443,Stemme S10,Stemme S10,Stemme,Open,MG,18.74,645.0,834.0,850.0,83.50,-0.0000027:0.0003938:-0.0229317:0.5893297:-6.1542745,x,,,x,110,110,112,112,110,110,110,110,110
444,Stemme S10,Stemme S10-VT,Stemme,Open,MG,18.74,645.0,834.0,850.0,83.50,-0.0000027:0.0003938:-0.0229317:0.5893297:-6.1542745,x,,,x,110,110,112,112,110,110,110,110,110
445,B13,B13e,Akaflieg Berlin,Open,FG,18.95,669.0,750.42,820.0,78.00,-0.0000030:0.0004515:-0.0269821:0.6940017:-6.9801097,x,,,,109,109,109,109,109,109,109,109,109
446,Mü 27,Mü 27,Akaflieg München,Open,GL,17.6,810.0,900.0,900.0,72.00,0.0000027:-0.0003726:0.0169842:-0.3212145:1.4702830,,,,,106,106,106,106,106,106,106,106,106
447,ASW 28,ASW 28,Alexander Schleicher,Standard,GL,10.5,235.0,359.8,525.0,75.82,-0.0000322:0.0045627:-0.2400775:5.5128821:-47.0420168,,,,,108,108,108,108,108,108,108,108,108
448,ASW 28,ASW 28 E,Alexander Schleicher,Standard,MG,10.5,285.0,359.8,525.0,75.82,-0.0000322:0.0045627:-0.2400775:5.5128821:-47.0420168,,,,,108,108,108,108,108,108,108,108,108
450,Discus 2,Discus 2T,Schempp-Hirth,Standard,MG,10.16,298.0,338.0,525.0,75.00,-0.0000057:0.0007824:-0.0420551:0.9907886:-9.0888753,,,,,108,108,108,108,108,108,108,108,108
451,Discus 2,Discus 2a,Schempp-Hirth,Standard,GL,10.16,248.0,338.0,525.0,75.00,-0.0000057:0.0007824:-0.0420551:0.9907886:-9.0888753,,,,,108,108,108,108,108,108,109,109,109
452,Discus 2,Discus 2b,Schempp-Hirth,Standard,GL,10.16,248.0,338.0,525.0,75.00,-0.0000057:0.0007824:-0.0420551:0.9907886:-9.0888753,,,,,108,108,108,108,108,108,108,108,108
454,Discus 2,Discus 2c 15m,Schempp-Hirth,Standard,GL,10.16,248.0,338.0,525.0,75.00,-0.0000057:0.0007824:-0.0420551:0.9907886:-9.0888753,,,,,108,108,108,108,108,108,108,108,108
455,Discus 2,Discus 2cFES 15m,Schempp-Hirth,Standard,FG,10.16,298.0,338.0,525.0,75.00,-0.0000057:0.0007824:-0.0420551:0.9907886:-9.0888753,,,,,108,108,108,108,108,108,108,108,108
456,Discus 2,Discus 2cT 15m,Schempp-Hirth,Standard,MG,10.16,298.0,338.0,525.0,75.00,-0.0000057:0.0007824:-0.0420551:0.9907886:-9.0888753,,,,,108,108,108,108,108,108,108,108,108
457,LAK-19 15m,LAK-19 15m,Sportinė Aviacija,Standard,GL,9.06,220.0,332.2,500.0,80.60,-0.0000061:0.0009344:-0.0549965:1.4093417:-13.6990958,,,,,108,108,108,108,108,108,108,108,108
458,LS 8,LS 8,DG Flugzeugbau,Standard,GL,10.5,275.0,346.5,525.0,76.40,-0.0000067:0.0009016:-0.0463761:1.0434893:-9.1569575,,,,,108,108,108,108,108,108,108,108,108
459,LS 8,LS 8 neo,DG Flugzeugbau,Standard,GL,10.5,275.0,377.0,525.0,83.40,-0.0000024:0.0002707:-0.0130232:0.2855048:-2.9129016,,,,,108,108,108,108,108,108,109,109,109
460,LS 8,LS 8T,DG Flugzeugbau,Standard,MG,10.5,325.0,346.5,525.0,76.40,-0.0000067:0.0009016:-0.0463761:1.0434893:-9.1569575,,,,,108,108,108,108,108,108,108,108,108
461,LS 8,LS 8e neo,DG Flugzeugbau,Standard,FG,10.5,315.0,377.0,525.0,83.40,-0.0000024:0.0002707:-0.0130232:0.2855048:-2.9129016,,,,,108,108,108,108,108,108,109,109,109
462,AK-8,AK-8,Akaflieg Karlsruhe,Standard,GL,9.75,233.0,362.0,440.0,64.13,-0.0023898:0.1189923:-2.1280725,,,,,107,107,107,107,107,107,107,107,107
463,ASW 24,ASW 24,Alexander Schleicher,Standard,GL,10.0,230.0,330.0,500.0,73.50,-0.0000122:0.0018107:-0.0997327:2.3625594:-20.7931349,,,,,107,107,107,107,107,107,107,106,106
464,ASW 24,ASW 24 B,Alexander Schleicher,Standard,GL,10.0,230.0,330.0,500.0,73.50,-0.0000122:0.0018107:-0.0997327:2.3625594:-20.7931349,,,,,107,107,107,107,107,107,107,106,106
465,ASW 24,ASW 24 E,Alexander Schleicher,Standard,MG,10.0,280.0,330.0,500.0,73.50,-0.0000122:0.0018107:-0.0997327:2.3625594:-20.7931349,,,,x,107,107,107,107,107,107,107,106,106
467,Discus,Discus a,Schempp-Hirth,Standard,GL,10.58,282.0,314.226,525.0,69.00,-0.0000016:0.0002283:-0.0153732:0.4355474:-4.8463207,,,,,107,107,107,107,107,107,107,107,107
468,Discus,Discus b,Schempp-Hirth,Standard,GL,10.58,282.0,336.444,525.0,71.50,-0.0000057:0.0007083:-0.0342392:0.7215700:-6.0925492,,,,,107,107,107,107,107,107,107,106,106
469,Discus,Discus bM,Schempp-Hirth,Standard,MG,10.58,352.0,336.444,525.0,71.50,-0.0000057:0.0007083:-0.0342392:0.7215700:-6.0925492,,,,x,107,107,107,107,107,107,107,106,106
470,Discus,Discus bT,Schempp-Hirth,Standard,MG,10.58,332.0,336.444,525.0,71.50,-0.0000057:0.0007083:-0.0342392:0.7215700:-6.0925492,,,,,107,107,107,107,107,107,107,106,106
471,Genesis,Genesis,Sportinė Aviacija,Standard,GL,11.24,240.0,374.0,,74.00,-0.0023212:0.1079386:-1.8458596,,,,,107,107,107,107,107,107,107,107,107
472,LS 7,LS 7,Rolladen-Schneider,Standard,GL,9.73,235.0,324.0,486.0,72.00,-0.0000022:0.0003027:-0.0178467:0.4667099:-5.0310928,,,,,106,106,106,106,106,106,106,106,106
473,LS 7,LS 7 WL,Rolladen-Schneider,Standard,GL,9.73,235.0,324.0,486.0,72.00,-0.0000022:0.0003027:-0.0178467:0.4667099:-5.0310928,,,,,107,107,107,107,107,107,107,107,107
474,LS 7,LS 7 neo,Rolladen-Schneider,Standard,GL,9.73,235.0,324.0,486.0,72.00,-0.0000022:0.0003027:-0.0178467:0.4667099:-5.0310928,,,,,107,107,107,107,107,107,108,108,108
475,SZD-55-1 Nexus,SZD-55-1 Nexus,Allstar PZL Glider,Standard,GL,9.6,215.0,309.12,500.0,68.50,-0.0000019:0.0002539:-0.0150434:0.3708053:-3.7224274,,,,,106,106,106,106,106,106,106,106,106
476,DG 300,DG 300 WL,DG Flugzeugbau,Standard,GL,10.28,245.0,363.912,450.0,72.00,-0.0000081:0.0010804:-0.0550934:1.2152352:-10.3114380,,,,,105,105,105,105,105,105,105,105,105
477,DG 303,DG 303,DG Flugzeugbau,Standard,GL,10.28,245.0,363.912,450.0,72.00,-0.0000081:0.0010804:-0.0550934:1.2152352:-10.3114380,,,,,105,105,105,105,105,105,105,105,105
478,LS 4,LS 4 WL,Rolladen-Schneider,Standard,GL,10.5,240.0,338.0,525.0,70.00,-0.0000051:0.0007003:-0.0375377:0.8764579:-8.0044517,,,,,105,105,105,105,105,105,105,105,105
479,LS 4,LS 4 neo,Rolladen-Schneider,Standard,GL,10.5,240.0,338.0,505.0,70.00,-0.0000051:0.0007003:-0.0375377:0.8764579:-8.0044517,,,,,105,105,105,105,105,105,106,106,106
480,AFH 24,AFH 24,Akaflieg Hannover,Standard,GL,10.3,245.0,359.47,500.0,73.00,-0.0000086:0.0011656:-0.0597712:1.3326325:-11.4258334,,,,,104,104,104,104,104,104,104,104,104
481,DG 300,DG 300,DG Flugzeugbau,Standard,GL,10.28,245.0,363.912,450.0,72.00,-0.0000081:0.0010804:-0.0550934:1.2152352:-10.3114380,,,,,104,104,104,104,104,104,104,104,104
482,HpH 304C Wasp,HpH 304C Wasp,HpH Sailplanes,Standard,GL,9.9,235.0,,450.0,,,,,,,104,104,104,104,104,104,104,104,104
483,LS 4,LS 4,Rolladen-Schneider,Standard,GL,10.5,235.0,338.0,525.0,70.00,-0.0000051:0.0007003:-0.0375377:0.8764579:-8.0044517,,,,,104,104,104,104,104,104,104,104,104
484,SZD-56-2 Diana 2,SZD-56-2 Diana 2 FES,Avionic,15,FG,8.64,244.0,,525.0,,,,,,x,114,116,116,116,114,114,116,116,116
485,ASW 24,ASW 24 WL,Alexander Schleicher,Standard,GL,10.0,230.0,325.0,500.0,73.00,-0.0000025:0.0002906:-0.0142943:0.3079322:-2.9446251,,,,,108,108,108,108,108,108,108,107,107
486,ASW 24,ASW 24 E WL,Alexander Schleicher,Standard,MG,10.0,280.0,325.0,500.0,73.00,-0.0000025:0.0002906:-0.0142943:0.3079322:-2.9446251,,,,x,108,108,108,108,108,108,108,107,107
487,ASW 19,ASW 19 WL,Alexander Schleicher,Club,GL,11.0,260.0,352.0,408.0,70.00,-0.0000029:0.0003918:-0.0218912:0.5271323:-5.1635631,,,,,101,101,101,101,101,101,101,101,101
488,Duo Discus,Duo Discus WL,Schempp-Hirth,Double,GL,16.4,440.0,596.96,750.0,80.00,-0.0000057:0.0008204:-0.0447925:1.0602133:-9.6768272,x,,,,111,111,111,111,111,111,113,113,113
489,Duo Discus,Duo Discus T WL,Schempp-Hirth,Double,MG,16.4,490.0,596.96,750.0,80.00,-0.0000057:0.0008204:-0.0447925:1.0602133:-9.6768272,x,,,,111,111,111,111,111,111,113,113,113
490,Ventus 2c 18m,Ventus 2cx 18m,Schempp-Hirth,18,GL,11.0,310.0,432.4,525.0,81.62,-0.0000023:0.0003135:-0.0175671:0.4230493:-4.1545630,,,,,118,118,118,118,118,118,120,120,120
491,Ventus 2c 18m,Ventus 2cxT 18m,Schempp-Hirth,18,MG,11.0,342.4,432.4,525.0,81.62,-0.0000023:0.0003135:-0.0175671:0.4230493:-4.1545630,,,,,118,118,118,118,118,118,120,120,120
492,Ventus 2c 18m,Ventus 2cxM 18m,Schempp-Hirth,18,MG,11.0,400.0,432.4,525.0,81.62,-0.0000023:0.0003135:-0.0175671:0.4230493:-4.1545630,,,,x,118,118,118,118,118,118,120,120,120
493,Std. Libelle,Std. Libelle WL,Glasflügel,Club,GL,9.8,200.0,318.8,350.0,75.00,0.0000022:-0.0003224:0.0146744:-0.2866680:1.5151951,,,,,99,99,99,99,99,99,99,99,99
494,AS 33 18m,AS 33 18m,Alexander Schleicher,18,GL,10.0,300.0,525.0,600.0,88.80,-0.0000009:0.0001584:-0.0115736:0.3684573:-4.7041666,,,,,121,121,121,121,119,119,122,122,122
495,AS 33 18m,AS 33 Es 18m,Alexander Schleicher,18,MG,10.0,350.0,525.0,600.0,88.80,-0.0000009:0.0001584:-0.0115736:0.3684573:-4.7041666,,,,,121,121,121,121,119,119,122,122,122
496,AS 33 18m,AS 33 Me 18m,Alexander Schleicher,18,FG,10.0,415.0,525.0,600.0,88.80,-0.0000009:0.0001584:-0.0115736:0.3684573:-4.7041666,,,,x,121,121,121,121,119,119,122,122,122
497,AS 33 15m,AS 33 15m,Alexander Schleicher,15,GL,8.8,290.0,,550.0,,,,,,,116,116,116,116,114,114,116,116,116
498,AS 33 15m,AS 33 Es 15m,Alexander Schleicher,15,MG,8.8,340.0,,550.0,,,,,,,116,116,116,116,114,114,116,116,116
499,AS 33 15m,AS 33 Me 15m,Alexander Schleicher,15,FG,8.8,405.0,,550.0,,,,,,x,116,116,116,116,114,114,116,116,116
500,Discus,Discus a WL,Schempp-Hirth,Standard,GL,10.58,282.0,314.226,525.0,69.00,-0.0000016:0.0002283:-0.0153732:0.4355474:-4.8463207,,,,,108,108,108,108,108,108,108,108,108
501,Discus,Discus b WL,Schempp-Hirth,Standard,GL,10.58,282.0,336.444,525.0,71.50,-0.0000057:0.0007083:-0.0342392:0.7215700:-6.0925492,,,,,108,108,108,108,108,108,108,107,107
502,Discus,Discus bM WL,Schempp-Hirth,Standard,MG,10.58,352.0,336.444,525.0,71.50,-0.0000057:0.0007083:-0.0342392:0.7215700:-6.0925492,,,,x,108,108,108,108,108,108,108,107,107
503,Discus,Discus bT WL,Schempp-Hirth,Standard,MG,10.58,332.0,336.444,525.0,71.50,-0.0000057:0.0007083:-0.0342392:0.7215700:-6.0925492,,,,,108,108,108,108,108,108,108,107,107
504,AS 34 Me 15m,AS 34 Me 15m,Alexander Schleicher,Standard,FG,10.5,380.0,359.8,525.0,75.82,-0.0000322:0.0045627:-0.2400775:5.5128821:-47.0420168,,,,x,108,108,108,108,108,108,108,108,108
505,AS 34 Me 18m,AS 34 Me 18m,Alexander Schleicher,18,FG,11.88,390.0,398.3,575.0,75.12,-0.0000078:0.0011136:-0.0603129:1.4224275:-12.7431871,,,,x,114,114,114,114,114,114,113,114,114
506,SZD-48 Jantar Std. 2,SZD-48 Jantar Std. 2 WL,PZL Bielsko,Club,GL,10.66,247.0,357.11,520.0,74.00,-0.0000040:0.0005879:-0.0340063:0.8378464:-8.0060375,,,,,101,101,101,101,101,101,101,101,101
507,LS 1-e/f,LS 1-f neo,Rolladen-Schneider,Club,GL,9.74,230.0,328.238,390.0,68.00,-0.0000018:0.0002699:-0.0170553:0.4415199:-4.5611431,,,,,101,101,101,101,101,101,101,101,101
508,LS 3,LS 3 WL,Rolladen-Schneider,15,GL,10.5,270.0,372.75,472.0,72.00,-0.0000038:0.0005210:-0.0279720:0.6474645:-5.9972768,,,,,108,108,108,108,108,108,108,108,108
509,K 7,K 7,Alexander Schleicher,Double,GL,17.5,375.0,465.5,480.0,65.00,-0.0000024:0.0002881:-0.0174046:0.4378758:-4.6368078,x,,x,,78,78,78,78,78,78,78,78,78
510,Duo Discus X,Duo Discus X,Schempp-Hirth,Double,GL,16.4,440.0,596.96,750.0,80.00,-0.0000057:0.0008204:-0.0447925:1.0602133:-9.6768272,x,,,,111,111,111,111,111,111,113,113,113
511,Duo Discus X,Duo Discus XT,Schempp-Hirth,Double,MG,16.4,490.0,596.96,750.0,80.00,-0.0000057:0.0008204:-0.0447925:1.0602133:-9.6768272,x,,,,111,111,111,111,111,111,113,113,113
512,ASW 20,ASW 20 WL,Alexander Schleicher,15,GL,10.5,280.0,360.15,525.0,71.00,-0.0000017:0.0002603:-0.0163651:0.4233258:-4.3895851,,,,,111,111,111,111,111,111,111,111,111
513,ASW 15,ASW 15 B,Alexander Schleicher,Club,GL,11.0,230.0,304.7,408.0,69.00,-0.0000037:0.0005167:-0.0287382:0.6686627:-6.0634891,,,,,97,97,97,97,97,97,97,97,97
514,ASW 19,ASW 19 B,Alexander Schleicher,Club,GL,11.0,260.0,352.0,408.0,70.00,-0.0000029:0.0003918:-0.0218912:0.5271323:-5.1635631,,,,,100,100,100,100,100,100,100,100,100
515,ASW 15,ASW 15 WL,Alexander Schleicher,Club,GL,11.0,230.0,304.7,408.0,69.00,-0.0000037:0.0005167:-0.0287382:0.6686627:-6.0634891,,,,,98,98,98,98,98,98,98,98,98
516,SZD-32 Foka 5,SZD-32 Foka 5,PZL Bielsko,Club,GL,12.16,256.0,,385.0,,,,,x,,88,88,88,88,88,88,88,88,88
517,SZD-41 Jantar Std.,SZD-41 Jantar Std.,PZL Bielsko,Club,GL,10.66,244.0,,460.0,,,,,,,100,100,100,100,100,100,100,100,100
518,SZD-41 Jantar Std.,SZD-41 Jantar Std. WL,PZL Bielsko,Club,GL,10.66,244.0,,460.0,,,,,,,101,101,101,101,101,101,101,101,101
519,SZD-48-3 Jantar Std. 3,SZD-48-3 Jantar Std. 3,PZL Bielsko,Club,GL,10.66,247.0,329.39,520.0,69.50,-0.0000028:0.0004481:-0.0279885:0.7214499:-7.0869300,,,,,100,100,100,100,100,100,100,100,100
520,SZD-48-3 Jantar Std. 3,SZD-48-3 Jantar Std. 3 WL,PZL Bielsko,Club,GL,10.66,247.0,329.39,520.0,69.50,-0.0000028:0.0004481:-0.0279885:0.7214499:-7.0869300,,,,,101,101,101,101,101,101,101,101,101
521,Kestrel 17m,Slingsby T.59 Kestrel 17m,Slingsby,18,GL,11.58,260.0,367.086,400.0,70.00,-0.0000045:0.0006268:-0.0336614:0.7715560:-6.8806019,,,,,110,110,110,110,110,110,110,110,110
522,Kestrel 19m,Slingsby T.59D Kestrel 19m,Slingsby,Open,GL,12.87,330.0,429.86,472.0,72.00,-0.0000066:0.0009975:-0.0568017:1.3839686:-12.6502388,,,,,112,112,112,112,112,112,112,112,112
523,Slingsby T.21,Slingsby T.21,Slingsby,Double,GL,24.2,272.0,,476.0,,,x,,x,,54,54,54,54,54,54,54,54,54
524,LS 6,LS 6 WL,Rolladen-Schneider,15,GL,10.5,260.0,355.0,525.0,71.60,-0.0000001:0.0000311:-0.0044236:0.1557020:-2.1974432,,,,,112,112,112,112,112,112,112,112,112
525,Janus C RG,Janus C RG,Schempp-Hirth,Double,GL,17.4,405.0,593.34,700.0,71.00,-0.0000000:0.0000170:-0.0041480:0.1672645:-2.4754269,x,,,,108,108,108,108,108,108,108,108,108
526,Janus C RG,Janus CM RG,Schempp-Hirth,Double,MG,17.4,495.0,593.34,700.0,71.00,-0.0000000:0.0000170:-0.0041480:0.1672645:-2.4754269,x,,,x,108,108,108,108,108,108,108,108,108
527,Janus C RG,Janus CT RG,Schempp-Hirth,Double,MG,17.4,455.0,593.34,700.0,71.00,-0.0000000:0.0000170:-0.0041480:0.1672645:-2.4754269,x,,,,108,108,108,108,108,108,108,108,108
528,SZD-41 Jantar Std.,SZD-41 Jantar Std. T,PZL Bielsko,Club,MG,10.66,294.0,,460.0,,,,,,,100,100,100,100,100,100,100,100,100
529,ASW 20,ASW 20-J,Alexander Schleicher,15,MG,10.5,300.0,360.15,525.0,71.00,-0.0000017:0.0002603:-0.0163651:0.4233258:-4.3895851,,,,,110,110,110,110,110,110,110,110,110
530,ASW 20,ASW 20-J WL,Alexander Schleicher,15,MG,10.5,300.0,360.15,525.0,71.00,-0.0000017:0.0002603:-0.0163651:0.4233258:-4.3895851,,,,,111,111,111,111,111,111,111,111,111
531,AC-4 Russia,AC-4 Russia,Aviastroitel,Club,GL,7.7,140.0,226.38,250.0,74.00,-0.0000324:0.0037150:-0.1616371:3.1075728:-22.8764816,,,x,,84,84,84,84,84,84,84,84,84
532,mini LAK,mini LAK,Sportinė Aviacija,Club,GL,8.41,163.0,343.3,350.0,81.80,-0.0000018:0.0002559:-0.0157664:0.4204374:-4.6647654,,,,,103,103,105,105,103,103,103,103,103
533,SF 36,SF 36,Scheibe-Flugzeugbau,Club,MG,15.60,515.0,,715.0,,,x,,,x,74,74,74,74,74,74,74,74,74
534,Stemme S12,Stemme S12,Stemme,Open,MG,19.95,690.0,,900.0,,,x,,,x,114,114,114,114,114,114,114,114,114
535,Slingsby T.30 Prefect,Slingsby T.30 Prefect,Slingsby,Club,GL,14.25,176.9,,266.3,,,,,x,,54,54,54,54,54,54,54,54,54
536,Slingsby T.31 Tandem Tutor,Slingsby T.31 Tandem Tutor,Slingsby,Double,GL,15.8,176.0,,376.0,,,x,,x,,54,54,54,54,54,54,54,54,54
537,Slingsby T.34 Sky,Slingsby T.34 Sky,Slingsby,Club,GL,17.37,250.0,,363.0,,,,,x,,60,60,60,60,60,60,60,60,60
538,Slingsby T.43 Skylark 3,Slingsby T.43 Skylark 3,Slingsby,Club,GL,16.1,253.0,,358.0,,,,,x,,77,77,77,77,77,77,77,77,77
539,Slingsby T.49 Capstan,Slingsby T.49 Capstan,Slingsby,Club,GL,20.43,345.4,,567.0,,,,,x,,60,60,60,60,60,60,60,60,60
540,Slingsby T.50 Skylark 4,Slingsby T.50 Skylark 4,Slingsby,Club,GL,16.1,258.0,395.0,395.0,58.00,-0.0030110:0.1010569:-1.4130696,,,x,,84,84,84,84,84,84,84,84,84
542,Slingsby T.51 Dart,Slingsby T.51 Dart,Slingsby,Club,GL,,,,,,,,,x,,82,82,82,82,82,82,82,82,82
543,Slingsby T.51 Dart 17,Slingsby T.51 Dart 17,Slingsby,18,GL,13.87,226.0,,340.0,,,x,,,,92,92,92,92,92,92,92,92,92
544,Slingsby T.51 Dart 17 R,Slingsby T.51 Dart 17 R,Slingsby,18,GL,13.87,226.0,,340.0,,,,,,,92,92,92,92,92,92,92,92,92
545,Slingsby T.53,Slingsby T.53,Slingsby,Double,GL,18.02,354.0,,580.0,,,x,,x,,71,71,71,71,71,71,71,71,71
546,Slingsby T.65 Vega,Slingsby T.65 Vega,Slingsby,Club,GL,10.1,236.0,,510.0,,,,,,,102,102,102,102,102,102,102,102,102
547,Slingsby T.41 Skylark 2,Slingsby T.41 Skylark 2,Slingsby,Club,GL,13.4,190.5,,308.0,,,,,x,,77,77,77,77,77,77,77,77,77
548,Ventus 2c 18m,Ventus 2cxa FES 18m,Schempp-Hirth,18,FG,11.0,342.4,432.4,525.0,81.62,-0.0000023:0.0003135:-0.0175671:0.4230493:-4.1545630,,,,,119,119,119,119,119,119,121,121,121
549,L-13 Blaník,L-13 Blaník,LET,Double,GL,19.15,382.0,472.0,500.0,62.00,-0.0000139:0.0018152:-0.0911282:1.9896710:-16.5958990,x,,x,,78,78,78,78,78,78,78,78,78
550,DG 1000 20m,DG 1000E neo 20m,DG Flugzeugbau,Double,FG,17.53,501.0,583.4,750.0,70.70,-0.0000104:0.0015237:-0.0849420:2.0626700:-18.7888638,x,,,,110,110,110,110,110,110,111,112,112
551,DG 1000 18m,DG 1000E neo 18m,DG Flugzeugbau,Double,FG,16.72,470.0,,750.0,,,x,,,,106,106,106,106,106,106,107,107,107
552,Duo Discus XL,Duo Discus XL FES,Schempp-Hirth,Double,FG,16.4,490.0,596.96,750.0,80.00,-0.0000057:0.0008204:-0.0447925:1.0602133:-9.6768272,x,,,,111,111,111,111,111,111,113,113,113
553,Pilatus B4 RG,Pilatus B4 RG,Pilatus,Club,GL,14.05,230.0,335.795,350.0,67.00,-0.0000016:0.0002687:-0.0187272:0.4933145:-4.9965561,,,x,,88,88,88,88,88,88,88,88,88
554,ASG 29 15m,ASG 29 RES 15m,Alexander Schleicher,15,FG,9.2,315.0,350.0,,80.00,-0.0018576:0.0937200:-1.8100000,,,,x,114,114,116,114,114,114,114,114,114
555,ASG 29 18m,ASG 29 RES 18m,Alexander Schleicher,18,FG,10.5,325.0,391.3,600.0,81.05,-0.0000054:0.0007747:-0.0423528:1.0075874:-9.1985372,,,,x,119,119,121,119,119,119,121,121,121
556,Schweizer SGS 1-26,Schweizer SGS 1-26,Schweizer Aircraft,Club,GL,14.87,202.0,315.0,318.0,62.30,-0.0044078:0.1595635:-2.3841445,,,x,,63,63,63,63,63,63,63,63,63
557,Schweizer SGS 1-34,Schweizer SGS 1-34,Schweizer Aircraft,Club,GL,14.03,259.0,354.0,381.0,69.82,-0.0033462:0.1302224:-1.9660327,,,x,,85,85,85,85,85,85,85,85,85
558,Schweizer SGS 1-36 Sprite,Schweizer SGS 1-36 Sprite,Schweizer Aircraft,Club,GL,13.1,215.0,322.0,322.0,55.98,-0.0043821:0.1709341:-2.3356807,,,x,,76,76,76,76,76,76,76,76,76
559,Schweizer SGS 2-32,Schweizer SGS 2-32,Schweizer Aircraft,Double,GL,16.7,377.0,,649.0,,,x,,x,,83,83,83,83,83,83,83,83,83
560,Schweizer SGS 2-33,Schweizer SGS 2-33,Schweizer Aircraft,Double,GL,20.35,272.0,470.0,473.0,62.32,-0.0038639:0.1689915:-2.8039001,x,,x,,54,54,54,54,54,54,54,54,54
561,Habicht,Habicht,DFS,Club,GL,15.82,235.0,,350.0,,,,,x,,60,60,60,60,60,60,60,60,60
562,Antares 21E,Antares 21E,Lange Aviation,Open,MG,12.9,530.0,750.0,710.0,100.43,-0.0000013:0.0002225:-0.0155789:0.4726775:-5.5924087,,,,x,121,121,121,121,121,121,124,123,123
563,Antares 21E,Antares 20E/21,Lange Aviation,Open,MG,12.9,530.0,750.0,710.0,100.43,-0.0000013:0.0002225:-0.0155789:0.4726775:-5.5924087,,,,x,121,121,121,121,121,121,124,123,123
564,ASW 20 16.6m,ASW 20-J 16.6m,Alexander Schleicher,18,MG,11.01,305.0,371.14,430.0,72.00,-0.0000039:0.0005801:-0.0333154:0.8132168:-7.6107810,,,,,112,112,112,112,112,112,112,112,112
565,LAK-19 18m,LAK-19 T 18m,Sportinė Aviacija,18,MG,9.6,276.0,338.4,500.0,76.13,-0.0000111:0.0017266:-0.1007859:2.5425178:-23.7162454,,,,,114,114,116,114,114,114,113,114,114
566,LAK-19 15m,LAK-19 T 15m,Sportinė Aviacija,Standard,MG,9.06,270.0,332.2,500.0,80.60,-0.0000061:0.0009344:-0.0549965:1.4093417:-13.6990958,,,,,108,108,108,108,108,108,108,108,108
567,Ka 2,Ka 2 b,Alexander Schleicher,Double,GL,17.5,278.0,418.0,480.0,67.00,-0.0038026:0.1531948:-2.3813853,x,,x,,78,78,78,78,78,78,78,78,78
568,Doppelraab,Doppelraab,Raab,Double,GL,18.0,185.0,,350.0,,,x,,x,,54,54,54,54,54,54,54,54,54
569,ASW 27,ASW 27-J,Alexander Schleicher,15,MG,9.0,245.0,365.9,500.0,87.80,-0.0000045:0.0006748:-0.0396782:1.0232325:-10.1966945,,,,,114,114,114,114,114,114,114,114,114
570,SB 7,SB 7,Akaflieg Braunschweig,Club,GL,12.66,285.0,,390.0,,,,,,,100,100,100,100,100,100,100,100,100
571,SF 34,SF 34 RG,Scheibe-Flugzeugbau,Double,GL,14.8,430.0,534.3,540.0,77.00,-0.0000022:0.0003862:-0.0270257:0.7713176:-8.4070794,x,,,,87,87,87,87,87,87,87,87,87
573,L23 SuperBlanik,L23 SuperBlanik,LET,Double,GL,19.15,382.0,472.0,500.0,65.00,-0.0000122:0.0015152:-0.0731290:1.5384958:-12.4602521,x,,x,,78,78,78,78,78,78,78,78,78
574,Lom-61 Favorit,Lom-61 Favorit,Lommatzsch,Club,GL,12.40,225.0,,325.0,,,,,x,,75,75,75,75,75,75,75,75,75
575,DG 300,DG 300G WL,DG Flugzeugbau,Standard,MG,10.28,245.0,363.912,450.0,72.00,-0.0000081:0.0010804:-0.0550934:1.2152352:-10.3114380,,,,,105,105,105,105,105,105,105,105,105
576,LS 8 18m,LS 8e 18m,DG Flugzeugbau,18,FG,11.4,315.0,365.0,575.0,71.00,-0.0000079:0.0010386:-0.0524499:1.1504136:-9.6523418,,,,,114,114,114,114,114,114,113,114,114
577,Nimbus 3D 25.6m,Nimbus 3D 25.6m,Schempp-Hirth,Open,GL,16.91,505.0,723.75,820.0,78.50,-0.0000046:0.0007653:-0.0476167:1.2698530:-12.6676092,x,,,,121,121,121,121,121,121,121,121,121
578,Nimbus 3D 25.6m,Nimbus 3DM 25.6m,Schempp-Hirth,Open,MG,16.91,575.0,723.75,820.0,78.50,-0.0000046:0.0007653:-0.0476167:1.2698530:-12.6676092,x,,,x,121,121,121,121,121,121,121,121,121
579,Nimbus 3D 25.6m,Nimbus 3DT 25.6m,Schempp-Hirth,Open,MG,16.91,545.0,723.75,820.0,78.50,-0.0000046:0.0007653:-0.0476167:1.2698530:-12.6676092,x,,,,121,121,121,121,121,121,121,121,121
580,G 103 Twin 3,G 103 Twin 3 SL 20m,Grob Aircraft,Double,MG,18.5,490.0,600.0,650.0,77.60,-0.0000072:0.0008805:-0.0423662:0.8979431:-7.5713757,x,,,x,97,97,97,97,97,97,97,97,97
581,EB 28,EB 28 edition,Binder,Open,MG,16.5,570.0,670.0,,80.00,-0.0008640:0.0240000:-0.4700000,x,,,x,124,124,126,126,124,124,125,125,125
582,Ventus 2c 18m,Ventus 2cxa 18m,Schempp-Hirth,18,GL,11.0,310.4,432.4,525.0,81.62,-0.0000023:0.0003135:-0.0175671:0.4230493:-4.1545630,,,,,119,119,119,119,119,119,121,121,121
583,Ventus 2c 15m,Ventus 2cxa 15m,Schempp-Hirth,15,GL,9.67,240.0,326.0,525.0,71.20,-0.0000036:0.0004830:-0.0254792:0.5756726:-5.1809941,,,,,114,114,114,114,114,114,115,115,115
584,DG 1000 20m,DG 1000M neo 20m,DG Flugzeugbau,Double,MG,17.53,501.0,583.4,750.0,70.70,-0.0000104:0.0015237:-0.0849420:2.0626700:-18.7888638,x,,,x,110,110,110,110,110,110,111,112,112
585,DG 1000 20m,DG 1000S neo 20m,DG Flugzeugbau,Double,GL,17.53,415.0,583.4,750.0,70.70,-0.0000104:0.0015237:-0.0849420:2.0626700:-18.7888638,x,,,,110,110,110,110,110,110,111,112,112
586,DG 1000 20m,DG 1000T neo 20m,DG Flugzeugbau,Double,MG,17.53,465.0,583.4,750.0,70.70,-0.0000104:0.0015237:-0.0849420:2.0626700:-18.7888638,x,,,,110,110,110,110,110,110,111,112,112
589,DG 800 15m,DG 808S 15m,DG Flugzeugbau,15,GL,10.68,260.0,370.0,,72.13,-0.0012543:0.0399129:-0.7810935,,,,,113,113,113,113,113,113,113,113,113
590,DG 800 15m,DG 800LA 15m,DG Flugzeugbau,15,MG,10.68,260.0,370.0,,72.13,-0.0012543:0.0399129:-0.7810935,,,,x,113,113,113,113,113,113,112,112,112
591,DG 800 18m,DG 800LA 18m,DG Flugzeugbau,18,MG,11.81,272.0,432.25,525.0,68.00,-0.0000037:0.0004769:-0.0242294:0.5269140:-4.5759245,,,,x,118,118,118,118,118,118,118,118,118
592,DG 800 18m,DG 808C Classic 18m,DG Flugzeugbau,18,MG,11.81,272.0,432.25,525.0,68.00,-0.0000037:0.0004769:-0.0242294:0.5269140:-4.5759245,,,,x,118,118,118,118,118,118,119,119,119
593,DG 800 18m,DG 808S 18m,DG Flugzeugbau,18,GL,11.81,272.0,432.25,525.0,68.00,-0.0000037:0.0004769:-0.0242294:0.5269140:-4.5759245,,,,,118,118,118,118,118,118,120,120,120
594,Diana-3,Diana-3,Avionic,18,GL,10.46,256.0,,600.0,,,,,,,121,121,121,121,119,119,122,122,122
595,Diana-3,Diana-3 FES,Avionic,18,FG,10.46,306.0,,600.0,,,,,,x,121,121,121,121,119,119,122,122,122
596,Hütter H28,Hütter H28,Wolfgang Hütter,Club,GL,,,,,,,,,x,,67,67,67,67,67,67,67,67,67
597,ES-56 Nymph,ES-56 Nymph,Edmund Schneider,Club,GL,10.12,151.0,,241.0,,,,,x,,65,65,65,65,65,65,65,65,65
598,Phoenix,Phoenix,Phoenix Air,Club,MG,14.36,164.0,,265.0,,,x,,,x,88,88,88,88,88,88,88,88,88
599,Ventus 2,Ventus 2bx,Schempp-Hirth,15,GL,9.67,240.0,326.0,525.0,71.20,-0.0000036:0.0004830:-0.0254792:0.5756726:-5.1809941,,,,,114,114,114,114,114,114,114,114,114
600,Applebay Zuni II,Applebay Zuni II,Applebay Sailplanes,15,GL,10.13,238.0,358.0,,90.00,-0.0020080:0.0705032:-1.1595263,,,,,105,105,105,105,105,105,105,105,105
601,CB-15 Crystal,CB-15 Crystal,Brondel,15,GL,,,,,,,,,,,105,105,105,105,105,105,105,105,105
602,Cumulus CU IIf,Cumulus CU IIf,Gerhard Reinhard,Club,GL,,,,,,,,,x,,54,54,54,54,54,54,54,54,54
603,SparrowHawk,SparrowHawk,Windward Performance,Club,GL,6.5,100.0,212.55,230.0,78.00,-0.0000033:0.0004245:-0.0230958:0.5505846:-5.3204361,,,,,85,85,85,85,85,85,85,85,85
604,DuckHawk,DuckHawk,Windward Performance,15,GL,7.4,177.0,,435.0,,,,,,,114,114,114,114,114,114,114,114,114
605,C-201 Marianne,C-201B Marianne,Centrair,Double,GL,17.185,430.0,,650.0,,,x,,,,100,100,100,100,100,100,100,100,100
606,Nixus,Nixus,Nixus Project,Open,MG,14.69,650.0,,980.0,,,x,,,x,126,126,126,126,126,126,126,126,126
607,DG 1000 18m,DG 1000S neo 18m,DG Flugzeugbau,Double,GL,16.72,400.0,,750.0,,,x,,,,106,106,106,106,106,106,107,107,107
608,DG 1000 18m,DG 1000T neo 18m,DG Flugzeugbau,Double,MG,16.72,450.0,,750.0,,,x,,,,106,106,106,106,106,106,107,107,107
609,DG 1000 18m FG,DG 1000 neo 18m FG,DG Flugzeugbau,Double,GL,16.72,400.0,,750.0,,,x,,,,105,105,105,105,105,105,105,105,105
610,Mü 17,Mü 17,Akaflieg München,Club,GL,13.30,160.0,,255.0,,,,,,,64,64,64,64,64,64,64,64,64
611,LS 8,LS 8T neo,DG Flugzeugbau,Standard,MG,10.5,325.0,377.0,525.0,83.40,-0.0000024:0.0002707:-0.0130232:0.2855048:-2.9129016,,,,,108,108,108,108,108,108,109,109,109
612,Olympia Meise,Olympia Meise,DFS,Club,GL,15.00,160.0,,255.0,,,,,x,,64,64,64,64,64,64,64,64,64
613,SZD-59 15m,SZD-59 15m,Allstar PZL Glider,Club,GL,10.66,270.0,,540.0,,,,,,,100,100,100,100,100,100,100,100,100
614,Archaeopteryx,Archaeopteryx,Ruppert Composite,Club,MG,12.8,64,,191,,,,,,x,76,76,76,76,76,76,76,76,76
615,LS 4,LS 4 Jet neo,Rolladen-Schneider,Standard,MG,10.5,240.0,338.0,505.0,70.00,-0.0000051:0.0007003:-0.0375377:0.8764579:-8.0044517,,,,,105,105,105,105,105,105,106,106,106
616,Arcus,Arcus J,Schempp-Hirth,Double,MG,15.6,485.0,702.0,800.0,78.00,-0.0000054:0.0008429:-0.0498947:1.2824907:-12.5555260,x,,,,114,114,116,114,114,114,120,120,120
617,Hornet,Hornet C,Glasflügel,Club,GL,9.8,227.0,318.0,450.0,71.00,-0.0000010:0.0001645:-0.0123437:0.3513426:-3.9083796,,,,,100,100,100,100,100,100,100,100,100
618,JS2 21m,JS2 21m,Jonker Sailplanes,Open,MG,12.25,420.0,610.0,720.0,87.60,-0.0000059:0.0009125:-0.0530351:1.3513588:-13.1094949,,,,x,126,126,126,126,126,126,126,126,126
619,JS2 18m,JS2 18m,Jonker Sailplanes,18,MG,11.1,400.0,436.33,640.0,81.62,-0.0000023:0.0003135:-0.0175671:0.4230493:-4.1545630,,,,x,121,121,121,121,121,121,121,121,121
620,E-Birdy,E-Birdy,Klenhart Design,Club,MG,8.30,115.0,230.0,280.0,,,,,,x,96,96,96,96,96,96,96,96,96
621,LAK-17 15m,LAK-17C FES 15m,Sportinė Aviacija,15,FG,9.06,270.0,285.0,550.0,80.00,-0.0016416:0.0787200:-1.5200000,,,,x,113,113,113,113,113,113,113,113,113
622,LAK-17 18m,LAK-17C FES 18m,Sportinė Aviacija,18,FG,9.8,225.0,295.0,600.0,80.00,-0.0012960:0.0468000:-0.8600000,,,,x,117,117,117,117,117,117,119,119,119
623,LAK-17 21m,LAK-17C FES 21m,Sportinė Aviacija,Open,FG,11.58,332,,600,,,,,,x,119,119,119,119,119,119,123,123,123
624,PIK-30,PIK-30,Eiri-Avion,18,MG,10.00,330,,460,,,,,,,107,107,107,107,107,107,107,107,107
625,LS 4,LS 4 Jet,Rolladen-Schneider,Standard,MG,10.5,235.0,338.0,525.0,70.00,-0.0000051:0.0007003:-0.0375377:0.8764579:-8.0044517,,,,,104,104,104,104,104,104,104,104,104
626,S18 II,S18 II,Spalinger,Club,GL,,,,,,,,,x,,62,62,62,62,62,62,62,62,62
627,LS 1,LS 1-d neo,Rolladen-Schneider,Club,GL,9.74,200.0,287.33,341.0,64.00,-0.0000075:0.0009986:-0.0515472:1.1425118:-9.6818903,,,,,99,99,99,99,99,99,99,99,99
628,HP 24,HP 24 15m,HP Aircraft,15,GL,10.02,239.0,,375.0,,,,,,,111,111,111,111,111,111,111,111,111
629,GP 14 Velo SE,GP 14 Velo SE,GP Gliders,Club,MG,7.0,205.0,,420.0,,,,,,,104,104,104,104,104,104,104,104,104
630,Stratos 300,Stratos 300,HFL Leichtflugzeugbau,Club,MG,13.86,170.0,,300.0,,,,,,,64,64,64,64,64,64,64,64,64
631,LS 1,LS 1-c neo,Rolladen-Schneider,Club,GL,9.74,200.0,287.33,341.0,64.00,-0.0000075:0.0009986:-0.0515472:1.1425118:-9.6818903,,,,,99,99,99,99,99,99,99,99,99
632,FK-3,FK-3,VFW-Fokker,Club,GL,13.8,240.0,,400.0,,,,,,,105,105,105,105,105,105,105,105,105
633,Swift-Light,Swift-Light E,Aériane,Club,FG,12.5,95.0,,191.0,,,,,,x,76,76,76,76,76,76,76,76,76
634,Swift-Light,Swift-Light,Aériane,Club,GL,12.5,60.0,,191.0,,,,,,,76,76,76,76,76,76,76,76,76
635,Diamant 16.5,Diamant 16.5,FFA,18,GL,12.2,270.0,,408.0,,,,,,,105,105,105,105,105,105,105,105,105
636,AC-5,AC-5M,Aviastroitel,Club,MG,7.7,180.0,,300.0,,,,,,x,84,84,84,84,84,84,84,84,84
637,AC-5,AC-5K,Aviastroitel,Club,MG,7.7,180.0,,300.0,,,,,,x,84,84,84,84,84,84,84,84,84
638,AC-5,AC-5Me,Aviastroitel,Club,FG,7.7,180.0,,300.0,,,,,,x,84,84,84,84,84,84,84,84,84
639,Reiher III,Reiher III,DFS,Club,GL,19.36,230.0,,315.00,,,,,x,,80,80,80,80,80,80,80,80,80
640,LS 3,LS 3 neo,Rolladen-Schneider,15,GL,10.5,270.0,372.75,472.0,72.00,-0.0000038:0.0005210:-0.0279720:0.6474645:-5.9972768,,,,,109,109,109,109,109,109,109,109,109
641,Perlan 2,Perlan 2,Perlan Project,Open,GL,24.4,574.0,,816.0,,,x,,,,105,105,105,105,105,105,105,105,105
642,Mg 19,Mg 19,Oberlerchner,Double,GL,21.0,298.0,,480.0,,,x,,x,,77,77,77,77,77,77,77,77,77
643,Vuk-T,Vuk-T,Jastreb,15,GL,11.96,260.0,,385.0,,,,,,,98,98,98,98,98,98,98,98,98
644,SunDancer,SunDancer DF-15,Distar,Double,MG,12.6,290.0,,600.0,,,x,x,,x,84,84,84,84,84,84,84,78,78
645,SunDancer,SunDancer DF-13,Distar,Double,MG,12.6,290.0,,600.0,,,x,x,,x,82,82,82,82,82,82,82,76,76
646,Briegleb BG-6,Briegleb BG-6,Briegleb,Club,GL,10.91,193.0,,300.0,,,,,x,,71,71,71,71,71,71,71,71,71
647,Briegleb BG-12,Briegleb BG-12,Briegleb,Club,GL,13.1,227.0,,409.0,,,,,x,,81,81,81,81,81,81,81,81,81
648,Briegleb BG-12,Briegleb BG-12/16,Briegleb,Club,GL,13.1,227.0,,409.0,,,,,x,,85,85,85,85,85,85,85,85,85
649,CVT M-200,CVT M-200,Morelli,Double,GL,17.5,345.0,,570.0,,,x,,x,,79,79,79,79,79,79,79,79,79
650,Morelli M-100,Morelli M-100,Morelli,Club,GL,13.1,155.0,,315.0,,,,,x,,79,79,79,79,79,79,79,79,79
